question_id,category_slug,category_name,question_text,answer_position,answer_text,is_correct,rationale
1,organisationnel,Organisationnel,"Combien de temps conserve-t-on les récépissés de Préfecture ?",0,"10 ans",0,
1,organisationnel,Organisationnel,"Combien de temps conserve-t-on les récépissés de Préfecture ?",1,"5 ans",0,
1,organisationnel,Organisationnel,"Combien de temps conserve-t-on les récépissés de Préfecture ?",2,"A vie",1,
1,organisationnel,Organisationnel,"Combien de temps conserve-t-on les récépissés de Préfecture ?",3,"3 ans",0,
2,organisationnel,Organisationnel,"A quoi sert la mention ""Tous droits de reproduction réservés"" sur une Convention d'Etude",0,"A payer moins de frais de reproduction papier",0,
2,organisationnel,Organisationnel,"A quoi sert la mention ""Tous droits de reproduction réservés"" sur une Convention d'Etude",1,"Avertir le client qu'il n'a pas le droit de diffuser la Convention d'Etude",1,
3,organisationnel,Organisationnel,"Peut-on utiliser le permis de conduire comme pièce d'identité dans un dossier étudiant ?",0,"Non, le permis de conduire ne permet pas de vérifier la nationalité",1,
3,organisationnel,Organisationnel,"Peut-on utiliser le permis de conduire comme pièce d'identité dans un dossier étudiant ?",1,"Oui mais seulement s'il a le permis A1",0,
3,organisationnel,Organisationnel,"Peut-on utiliser le permis de conduire comme pièce d'identité dans un dossier étudiant ?",2,"Aucune des 3 réponses",0,
3,organisationnel,Organisationnel,"Peut-on utiliser le permis de conduire comme pièce d'identité dans un dossier étudiant ?",3,"Oui s'il a la nouvelle version de permis de conduire.",0,
4,organisationnel,Organisationnel,"Est-il possible de prendre plusieurs stagiaires en Junior ?",0,"Oui dans la limite de 2 stagiaires en simultané sur une semaine civile",0,
4,organisationnel,Organisationnel,"Est-il possible de prendre plusieurs stagiaires en Junior ?",1,"Oui dans la limite de 5 stagiaires en simultané sur une semaine civile",0,
4,organisationnel,Organisationnel,"Est-il possible de prendre plusieurs stagiaires en Junior ?",2,"Oui dans la limite de 6 stagiaires en simultané sur une semaine civile",0,
4,organisationnel,Organisationnel,"Est-il possible de prendre plusieurs stagiaires en Junior ?",3,"Oui dans la limite de 3 stagiaires en simultané sur une semaine civile",1,
5,organisationnel,Organisationnel,"Comment procéder si un intervenant refuse de signer un Avenant au Récapitulatif de Mission ?",0,"Il faut faire un avenant de rupture au RM.",0,
5,organisationnel,Organisationnel,"Comment procéder si un intervenant refuse de signer un Avenant au Récapitulatif de Mission ?",1,"Il faut faire un avenant de rupture à la CE et au RM.",0,
5,organisationnel,Organisationnel,"Comment procéder si un intervenant refuse de signer un Avenant au Récapitulatif de Mission ?",2,"Il faut utiliser l'article ""Sanctions"" du Règlement Intérieur",1,
5,organisationnel,Organisationnel,"Comment procéder si un intervenant refuse de signer un Avenant au Récapitulatif de Mission ?",3,"Il suffit de ne pas payer l'étudiant",0,
6,organisationnel,Organisationnel,"Qu'est ce que le RGPD ?",0,"C'est le Règlement Général sur la Protection des Données, en application depuis le 25 mai 2020.",0,
6,organisationnel,Organisationnel,"Qu'est ce que le RGPD ?",1,"C'est la Règlementation Générale sur la Protection des Données, en application depuis le 25 mai 2020.",0,
6,organisationnel,Organisationnel,"Qu'est ce que le RGPD ?",2,"C'est le Règlement Général sur la Protection des Données, en application depuis le 25 mai 2018.",1,
6,organisationnel,Organisationnel,"Qu'est ce que le RGPD ?",3,"C'est la Règlementation Générale sur la Protection des Données, en application depuis le 25 mai 2018.",0,
7,organisationnel,Organisationnel,"Combien de temps doit-on conserver un questionnaire de satisfaction ?",0,"Aucune durée obligatoire",1,
7,organisationnel,Organisationnel,"Combien de temps doit-on conserver un questionnaire de satisfaction ?",1,"5 ans",0,
7,organisationnel,Organisationnel,"Combien de temps doit-on conserver un questionnaire de satisfaction ?",2,"2 ans",0,
7,organisationnel,Organisationnel,"Combien de temps doit-on conserver un questionnaire de satisfaction ?",3,"5 ans normalement et 10 ans pour une étude avec des documents électroniques",0,
8,organisationnel,Organisationnel,"Est-il possible de renvoyer un document d'étude signé par mail ?",0,"Aucune des 3 réponses",0,
8,organisationnel,Organisationnel,"Est-il possible de renvoyer un document d'étude signé par mail ?",1,"Impossible, le document scanné n'a pas de valeur légale en droit civil.",1,
8,organisationnel,Organisationnel,"Est-il possible de renvoyer un document d'étude signé par mail ?",2,"C'est possible, uniquement si le document est paraphé.",0,
8,organisationnel,Organisationnel,"Est-il possible de renvoyer un document d'étude signé par mail ?",3,"C'est possible, dans tous les cas",0,
9,organisationnel,Organisationnel,"Qu'est-ce que la norme ISO 9001 ?",0,"Aucune de ces 3 réponses",0,
9,organisationnel,Organisationnel,"Qu'est-ce que la norme ISO 9001 ?",1,"C'est une norme délivré par la CNJE aux 30 meilleurs Juniors de France.",0,
9,organisationnel,Organisationnel,"Qu'est-ce que la norme ISO 9001 ?",2,"Elle certifie la rigueur du système de management par la qualité et l’attention particulière portée à la satisfaction client et à la rigueur et conformité des prestations de services vendues.",1,
9,organisationnel,Organisationnel,"Qu'est-ce que la norme ISO 9001 ?",3,"C'est le nom de l'ancienne norme J.E.",0,
10,organisationnel,Organisationnel,"Quels sont les deux types de quitus existant en association, et donc en Junior ?",0,"Quitus moral et quitus fiscal",0,
10,organisationnel,Organisationnel,"Quels sont les deux types de quitus existant en association, et donc en Junior ?",1,"Quitus social et quitus financier",0,
10,organisationnel,Organisationnel,"Quels sont les deux types de quitus existant en association, et donc en Junior ?",2,"Quitus social et quitus fiscal",0,
10,organisationnel,Organisationnel,"Quels sont les deux types de quitus existant en association, et donc en Junior ?",3,"Quitus moral et quitus financier",1,
11,organisationnel,Organisationnel,"A quelle fréquence le Conseil d'Administration doit-il se réunir ?",0,"Il doit se réunir au moins 1 fois par mois.",0,
11,organisationnel,Organisationnel,"A quelle fréquence le Conseil d'Administration doit-il se réunir ?",1,"La fréquence de réunion est fixée par les Statuts ou le Règlement Intérieur",1,
11,organisationnel,Organisationnel,"A quelle fréquence le Conseil d'Administration doit-il se réunir ?",2,"Il doit se réunir au moins 1 fois par trimestre.",0,
11,organisationnel,Organisationnel,"A quelle fréquence le Conseil d'Administration doit-il se réunir ?",3,"Il doit se réunir au moins 1 fois par an.",0,
12,organisationnel,Organisationnel,"Que dois-je penser à mettre dans ma Convention d'Etude dans le cadre d'une étude à l'international ?",0,"Le Tribunal compétent et le droit applicable : le droit du pays du Client",0,
12,organisationnel,Organisationnel,"Que dois-je penser à mettre dans ma Convention d'Etude dans le cadre d'une étude à l'international ?",1,"Le Tribunal compétent et le droit applicable : le droit français",1,
12,organisationnel,Organisationnel,"Que dois-je penser à mettre dans ma Convention d'Etude dans le cadre d'une étude à l'international ?",2,"Le CA de la CNJE",0,
12,organisationnel,Organisationnel,"Que dois-je penser à mettre dans ma Convention d'Etude dans le cadre d'une étude à l'international ?",3,"Le Tribunal compétent et le droit applicable : le droit européen",0,
13,organisationnel,Organisationnel,"Une fois la nouvelle équipe élue, quelle formalité remplir avec la Préfecture pour les Juniors hors Alsace-Moselle?",0,"Déclarer la nouvelle équipe en préfecture sous 6 mois",0,
13,organisationnel,Organisationnel,"Une fois la nouvelle équipe élue, quelle formalité remplir avec la Préfecture pour les Juniors hors Alsace-Moselle?",1,"Déclarer la nouvelle équipe en préfecture sous 3 mois",1,
13,organisationnel,Organisationnel,"Une fois la nouvelle équipe élue, quelle formalité remplir avec la Préfecture pour les Juniors hors Alsace-Moselle?",2,"Déclarer la nouvelle équipe en préfecture sous 4 mois",0,
13,organisationnel,Organisationnel,"Une fois la nouvelle équipe élue, quelle formalité remplir avec la Préfecture pour les Juniors hors Alsace-Moselle?",3,"Déclarer la nouvelle équipe en préfecture sous 2 mois",0,
14,organisationnel,Organisationnel,"Une Junior peut-elle accepter une mission sans plus-value pédagogique ?",0,Jamais,0,
14,organisationnel,Organisationnel,"Une Junior peut-elle accepter une mission sans plus-value pédagogique ?",1,"Oui si sous-traitance entre Juniors, la Junior sous-traitante conserve l'analyse",1,
14,organisationnel,Organisationnel,"Une Junior peut-elle accepter une mission sans plus-value pédagogique ?",2,"Dans un seul cas : le Client est un alumni",0,
14,organisationnel,Organisationnel,"Une Junior peut-elle accepter une mission sans plus-value pédagogique ?",3,"Oui si sous-traitance entre Juniors, la Junior sous-traitée conserve l'analyse",0,
15,organisationnel,Organisationnel,"Qu'est-ce que la CNIL ?",0,"Conseil National de l'Informatique et des Libertés",0,
15,organisationnel,Organisationnel,"Qu'est-ce que la CNIL ?",1,"Commission Nationale de l'Informatique et des Libertés",1,
15,organisationnel,Organisationnel,"Qu'est-ce que la CNIL ?",2,"Commission Nationale de l'Information et des Libertés",0,
15,organisationnel,Organisationnel,"Qu'est-ce que la CNIL ?",3,"Conseil National de l'Information et des Libertés",0,
16,organisationnel,Organisationnel,"Quelle mention doit obligatoirement figurer à côté du montant TTC sur les documents d'étude ?",0,"TTC au moment du prélèvement",0,
16,organisationnel,Organisationnel,"Quelle mention doit obligatoirement figurer à côté du montant TTC sur les documents d'étude ?",1,"A titre indicatif et au taux actuel de TVA",1,
16,organisationnel,Organisationnel,"Quelle mention doit obligatoirement figurer à côté du montant TTC sur les documents d'étude ?",2,"Selon la TVA européenne et française.",0,
17,organisationnel,Organisationnel,"Qu'est-ce qu'un quorum ?",0,"Le nombre maximal de membres présents d'un corps délibératif nécessaire à la validité d'une décision",0,
17,organisationnel,Organisationnel,"Qu'est-ce qu'un quorum ?",1,"Le nombre minimal de membres d'un corps délibératif nécessaire à la validité d'une décision",1,
18,organisationnel,Organisationnel,"Quel est l'organe souverain d'une Junior ?",0,"En Junior, il s'agit généralement de l'Assemblée Générale",1,
18,organisationnel,Organisationnel,"Quel est l'organe souverain d'une Junior ?",1,"En Junior, il s'agit généralement du bureau",0,
18,organisationnel,Organisationnel,"Quel est l'organe souverain d'une Junior ?",2,"En Junior, il s'agit généralement du Conseil d'Administration",0,
18,organisationnel,Organisationnel,"Quel est l'organe souverain d'une Junior ?",3,"Aucune des 3 réponses",0,
19,organisationnel,Organisationnel,"Une Junior peut-elle répondre à un Appel d'Offres Public ?",0,"Non, c'est interdit",0,
19,organisationnel,Organisationnel,"Une Junior peut-elle répondre à un Appel d'Offres Public ?",1,"Oui, attention aux documents contractuels et au type d'obligation",1,
19,organisationnel,Organisationnel,"Une Junior peut-elle répondre à un Appel d'Offres Public ?",2,"Seulement si l'offre est posté sur Kiwi AO",0,
20,organisationnel,Organisationnel,"A partir de quand un étudiant est-il considéré comme adhérent ?",0,"Si cotisation gratuite, a partir de la signature du BV",0,
20,organisationnel,Organisationnel,"A partir de quand un étudiant est-il considéré comme adhérent ?",1,"Si cotisation gratuite, a partir de la signature du RM",0,
20,organisationnel,Organisationnel,"A partir de quand un étudiant est-il considéré comme adhérent ?",2,"Si cotisation gratuite, a partir de la signature du CE",0,
20,organisationnel,Organisationnel,"A partir de quand un étudiant est-il considéré comme adhérent ?",3,"Si cotisation gratuite, apres signature du BA",1,
21,organisationnel,Organisationnel,"Que se passe-t-il si le quorum n'est pas atteint en Assemblée Générale ?",0,"Aucune des 3 réponses",0,
21,organisationnel,Organisationnel,"Que se passe-t-il si le quorum n'est pas atteint en Assemblée Générale ?",1,"Il faut convoqué le CA",0,
21,organisationnel,Organisationnel,"Que se passe-t-il si le quorum n'est pas atteint en Assemblée Générale ?",2,"Les décisions votées seraient aussitôt rendues nulles",1,
21,organisationnel,Organisationnel,"Que se passe-t-il si le quorum n'est pas atteint en Assemblée Générale ?",3,"La voix du président compte double",0,
22,organisationnel,Organisationnel,"A combien est limité le nombre de procurations lors d'une Assemblée Générale ?",0,"La limite est fixé à 6 voix",0,
22,organisationnel,Organisationnel,"A combien est limité le nombre de procurations lors d'une Assemblée Générale ?",1,"La limite est fixé à 2 voix",0,
22,organisationnel,Organisationnel,"A combien est limité le nombre de procurations lors d'une Assemblée Générale ?",2,"Il n'est pas obligatoire de fixer des limites.",1,
22,organisationnel,Organisationnel,"A combien est limité le nombre de procurations lors d'une Assemblée Générale ?",3,"La limite est fixé à 4 voix",0,
23,organisationnel,Organisationnel,"Qu'est-ce que l'INPI ?",0,"Institut National de la Propriété Informative",0,
23,organisationnel,Organisationnel,"Qu'est-ce que l'INPI ?",1,"Institut National de la Propriété Industrielle",1,
23,organisationnel,Organisationnel,"Qu'est-ce que l'INPI ?",2,"Institut National de la Propriété Intellectuel",0,
23,organisationnel,Organisationnel,"Qu'est-ce que l'INPI ?",3,"Aucune des 3 réponses",0,
24,organisationnel,Organisationnel,"Combien de temps une Junior doit-elle archiver ses études ?",0,"6 ans en général, 10 ans pour les documents avec signature électronique",0,
24,organisationnel,Organisationnel,"Combien de temps une Junior doit-elle archiver ses études ?",1,"5 ans en général, 10 ans pour les documents avec signature électronique",1,
24,organisationnel,Organisationnel,"Combien de temps une Junior doit-elle archiver ses études ?",2,"8 ans en général, 10 ans pour les documents avec signature électronique",0,
24,organisationnel,Organisationnel,"Combien de temps une Junior doit-elle archiver ses études ?",3,"7 ans en général, 10 ans pour les documents avec signature électronique",0,
25,organisationnel,Organisationnel,"Dans le cas d’un avenant allongeant le délai de l’étude, doit-on faire un avenant au Récapitulatif de Mission (RM) également ?",0,"Oui dans tout les cas.",0,
25,organisationnel,Organisationnel,"Dans le cas d’un avenant allongeant le délai de l’étude, doit-on faire un avenant au Récapitulatif de Mission (RM) également ?",1,"Non pas besoin",0,
25,organisationnel,Organisationnel,"Dans le cas d’un avenant allongeant le délai de l’étude, doit-on faire un avenant au Récapitulatif de Mission (RM) également ?",2,"Seulement si les étudiants continuent à travailler durant cette période",1,
26,organisationnel,Organisationnel,"Quelle est la durée minimale de garantie pour la livraison d'un produit technique, un site internet par exemple ?",0,"5 mois",0,
26,organisationnel,Organisationnel,"Quelle est la durée minimale de garantie pour la livraison d'un produit technique, un site internet par exemple ?",1,"3 mois",1,
26,organisationnel,Organisationnel,"Quelle est la durée minimale de garantie pour la livraison d'un produit technique, un site internet par exemple ?",2,"4 mois",0,
26,organisationnel,Organisationnel,"Quelle est la durée minimale de garantie pour la livraison d'un produit technique, un site internet par exemple ?",3,"6 mois",0,
27,organisationnel,Organisationnel,"Si le taux de TVA change en cours d'étude, avec quel taux la facture de solde sera-t-elle éditée ?",0,"Le taux de TVA en vigueur au moment du devis",0,
27,organisationnel,Organisationnel,"Si le taux de TVA change en cours d'étude, avec quel taux la facture de solde sera-t-elle éditée ?",1,"Le taux de TVA en vigueur à la date de signature de la CE",0,
27,organisationnel,Organisationnel,"Si le taux de TVA change en cours d'étude, avec quel taux la facture de solde sera-t-elle éditée ?",2,"Le nouveau taux de TVA, la date d'édition de la facture fait foi",1,
27,organisationnel,Organisationnel,"Si le taux de TVA change en cours d'étude, avec quel taux la facture de solde sera-t-elle éditée ?",3,"Le taux de TVA en vigueur au moment du virement",0,
28,organisationnel,Organisationnel,"Est-il possible de déduire la cotisation d'un intervenant sur l'un de ses Bulletins de Versement ?",0,"Oui c'est possible",0,
28,organisationnel,Organisationnel,"Est-il possible de déduire la cotisation d'un intervenant sur l'un de ses Bulletins de Versement ?",1,"Oui seulement si les statuts l'autorisent",0,
28,organisationnel,Organisationnel,"Est-il possible de déduire la cotisation d'un intervenant sur l'un de ses Bulletins de Versement ?",2,"Non, car un intervenant doit payer sa cotisation lors de l'adhésion",1,
28,organisationnel,Organisationnel,"Est-il possible de déduire la cotisation d'un intervenant sur l'un de ses Bulletins de Versement ?",3,"Non, sauf si la cotisation est calculé en pourcentage du BV dans les RI",0,
29,organisationnel,Organisationnel,"Comment procéder si un intervenant n'a pas de numéro de sécurité sociale français ?",0,"Il faut créer un numéro de sécurité sociale standard en utilisant le sexe, l'année, le mois de naissance de l'intervenant et compléter avec des 9 jusqu'à obtenir 13 chiffres",1,
29,organisationnel,Organisationnel,"Comment procéder si un intervenant n'a pas de numéro de sécurité sociale français ?",1,"Il faut créer un numéro de sécurité sociale standard pour les déclarations en utilisant le sexe, l'année de naissance, le mois de naissance de l'intervenant et compléter avec des 7 jusqu'à obtenir 13 chiffres",0,
29,organisationnel,Organisationnel,"Comment procéder si un intervenant n'a pas de numéro de sécurité sociale français ?",2,"Il faut créer un numéro de sécurité sociale standard pour les déclarations en utilisant le sexe, l'année de naissance, le mois de naissance de l'intervenant et compléter avec des 6 jusqu'à obtenir 13 chiffres",0,
29,organisationnel,Organisationnel,"Comment procéder si un intervenant n'a pas de numéro de sécurité sociale français ?",3,"Il faut créer un numéro de sécurité sociale standard pour les déclarations en utilisant le sexe, l'année de naissance, le mois de naissance de l'intervenant et compléter avec des 1 jusqu'à obtenir 13 chiffres",0,
30,organisationnel,Organisationnel,"Que faut-il avoir comme enseignement pour réaliser une étude documentaire ?",0,"Il n'y a pas d'enseignements précis à avoir.",1,
30,organisationnel,Organisationnel,"Que faut-il avoir comme enseignement pour réaliser une étude documentaire ?",1,"Aucun car une étude documentaire n'a pas de plus value pédagogique.",0,
30,organisationnel,Organisationnel,"Que faut-il avoir comme enseignement pour réaliser une étude documentaire ?",2,"Etude de marché",0,
30,organisationnel,Organisationnel,"Que faut-il avoir comme enseignement pour réaliser une étude documentaire ?",3,"Analyse de données",0,
31,organisationnel,Organisationnel,"Quand doit -on déclarer un changement de logo à la Préfecture ?",0,"Un changement de logo doit être déclaré au bout de 12 mois en Préfecture",0,
31,organisationnel,Organisationnel,"Quand doit -on déclarer un changement de logo à la Préfecture ?",1,"Un changement de logo n'a pas besoin d'être déclaré en Préfecture",1,
31,organisationnel,Organisationnel,"Quand doit -on déclarer un changement de logo à la Préfecture ?",2,"Un changement de logo doit être déclaré au bout de 3 mois en Préfecture",0,
31,organisationnel,Organisationnel,"Quand doit -on déclarer un changement de logo à la Préfecture ?",3,"Un changement de logo doit être déclaré au bout de 6 mois en Préfecture",0,
32,organisationnel,Organisationnel,"Peut-on faire un avenant à un bon de commande ?",0,"Aucune de ces 3 réponses",0,
32,organisationnel,Organisationnel,"Peut-on faire un avenant à un bon de commande ?",1,"Les avenants au bon de commande n'existent pas, il faut faire un bon de commande rectificatif.",1,
32,organisationnel,Organisationnel,"Peut-on faire un avenant à un bon de commande ?",2,"Non il faut faire un avenant à la Convention Cadre.",0,
32,organisationnel,Organisationnel,"Peut-on faire un avenant à un bon de commande ?",3,"Oui mais seulement en version papier.",0,
33,organisationnel,Organisationnel,"Quelle est la durée de garantie pour une étude ?",0,"6 mois pour un livrable technique, 15 jours pour un livrable écrit",0,
33,organisationnel,Organisationnel,"Quelle est la durée de garantie pour une étude ?",1,"5 mois pour un livrable technique, 15 jours pour un livrable écrit",0,
33,organisationnel,Organisationnel,"Quelle est la durée de garantie pour une étude ?",2,"4 mois pour un livrable technique, 15 jours pour un livrable écrit",0,
33,organisationnel,Organisationnel,"Quelle est la durée de garantie pour une étude ?",3,"3 mois pour un livrable technique, 15 jours pour un livrable écrit",1,
34,organisationnel,Organisationnel,"Une Junior peut-elle se faire prêter une licence ?",0,"Non, s'il s'agit d'une licence commerciale.",0,
34,organisationnel,Organisationnel,"Une Junior peut-elle se faire prêter une licence ?",1,"Oui, s'il s'agit d'une licence non commerciale, une Junior peut se faire prêter une licence en signant un document de prêt précisant le nom du logiciel, numéro de licence, le motif du prêt.",0,
34,organisationnel,Organisationnel,"Une Junior peut-elle se faire prêter une licence ?",2,"Oui, s'il s'agit d'une licence commerciale dont l'éditeur autorise le prêt, une Junior peut se faire prêter une licence en signant un document de prêt précisant le nom du logiciel, numéro de licence, le motif du prêt et les dates du prêt.",1,
34,organisationnel,Organisationnel,"Une Junior peut-elle se faire prêter une licence ?",3,"Oui, s'il s'agit d'une licence commerciale dont l'éditeur autorise le prêt, une Junior peut se faire prêter une licence en signant un document de prêt précisant le nom du logiciel, numéro de licence, le motif du prêt.",0,
35,organisationnel,Organisationnel,"Est-il possible de constituer un bureau de plus de 8 personnes en Junior ?",0,"C'est impossible il faut 4 membres au maximum.",0,
35,organisationnel,Organisationnel,"Est-il possible de constituer un bureau de plus de 8 personnes en Junior ?",1,"Oui, attention simplement au niveau de l'organisation",1,
35,organisationnel,Organisationnel,"Est-il possible de constituer un bureau de plus de 8 personnes en Junior ?",2,"Non, le bureau doit seulement être composé par le Président, SG, Trésorier",0,
35,organisationnel,Organisationnel,"Est-il possible de constituer un bureau de plus de 8 personnes en Junior ?",3,"C'est impossible il faut un nombre impair de membres au bureau",0,
36,organisationnel,Organisationnel,"Lorsqu'une Junior accueille un stagiaire, qui doit signer la Convention de stage ?",0,"Le stagiaire et l'Etablissement.",0,
36,organisationnel,Organisationnel,"Lorsqu'une Junior accueille un stagiaire, qui doit signer la Convention de stage ?",1,"Le stagiaire et la Junior.",0,
36,organisationnel,Organisationnel,"Lorsqu'une Junior accueille un stagiaire, qui doit signer la Convention de stage ?",2,"Le stagiaire, la Junior et la CNJE.",0,
36,organisationnel,Organisationnel,"Lorsqu'une Junior accueille un stagiaire, qui doit signer la Convention de stage ?",3,"Le stagiaire, la Junior et l'Etablissement.",1,
37,organisationnel,Organisationnel,"Un stagiaire à la Junior peut-il travailler sur les études avec un Récapitulatif de Mission ?",0,"Oui seulement si c'est un administrateur de la Junior.",0,
37,organisationnel,Organisationnel,"Un stagiaire à la Junior peut-il travailler sur les études avec un Récapitulatif de Mission ?",1,"Oui seulement si c'est un membre externe à la Junior-Entreprise.",0,
37,organisationnel,Organisationnel,"Un stagiaire à la Junior peut-il travailler sur les études avec un Récapitulatif de Mission ?",2,"Oui, à condition que cela ne constitue pas sa mission principale",1,
37,organisationnel,Organisationnel,"Un stagiaire à la Junior peut-il travailler sur les études avec un Récapitulatif de Mission ?",3,"Non, c'est interdit.",0,
38,organisationnel,Organisationnel,"Une Junior peut-elle réaliser une étude pour un hôpital public ?",0,"Oui, du moment que l'étude ne concerne pas un domaine réglementé",1,
38,organisationnel,Organisationnel,"Une Junior peut-elle réaliser une étude pour un hôpital public ?",1,"Seulement si c'est une Junior pharmaceutique",0,
38,organisationnel,Organisationnel,"Une Junior peut-elle réaliser une étude pour un hôpital public ?",2,"Aucune des 3 réponses",0,
38,organisationnel,Organisationnel,"Une Junior peut-elle réaliser une étude pour un hôpital public ?",3,"Une Junior ne peut pas faire d'étude pour un Client du domaine médical",0,
39,organisationnel,Organisationnel,"Quelle proposition n'est pas une obligation d'une association (hors Alsace-Moselle) vis-à-vis de la Préfecture ?",0,"Déclarer les intervenants non membres de l'EEE",0,
39,organisationnel,Organisationnel,"Quelle proposition n'est pas une obligation d'une association (hors Alsace-Moselle) vis-à-vis de la Préfecture ?",1,"Déclarer dans les 3 mois tout changement dans les Statuts.",0,
39,organisationnel,Organisationnel,"Quelle proposition n'est pas une obligation d'une association (hors Alsace-Moselle) vis-à-vis de la Préfecture ?",2,"Tenir à jour le Dossier de Suivi",0,
39,organisationnel,Organisationnel,"Quelle proposition n'est pas une obligation d'une association (hors Alsace-Moselle) vis-à-vis de la Préfecture ?",3,"Déclarer dans les 3 mois tout changement dans les RI.",1,
40,organisationnel,Organisationnel,"Dans quels documents l'objet social de la Junior est-il défini ?",0,"Ils sont définis dans la charte de déontologie",0,
40,organisationnel,Organisationnel,"Dans quels documents l'objet social de la Junior est-il défini ?",1,"Ils sont définis dans les Statuts, à l'article : ""Objet et moyens""",1,
40,organisationnel,Organisationnel,"Dans quels documents l'objet social de la Junior est-il défini ?",2,"Ils sont définis dans les Bulletins d'Adhésion",0,
40,organisationnel,Organisationnel,"Dans quels documents l'objet social de la Junior est-il défini ?",3,"Ils sont définis dans les RI , à l'article : ""Objet et moyens""",0,
41,organisationnel,Organisationnel,"Quel numéro d'immatriculation légal n'est pas obligatoire pour une Junior ?",0,"Un numéro de TVA intracommunautaire (délivré par les impôts)",0,
41,organisationnel,Organisationnel,"Quel numéro d'immatriculation légal n'est pas obligatoire pour une Junior ?",1,"Un numéro SIRET et un code APE (délivrés par l'INSEE)",0,
41,organisationnel,Organisationnel,"Quel numéro d'immatriculation légal n'est pas obligatoire pour une Junior ?",2,"Un numéro URSSAF (délivré par les URSSAF)",0,
41,organisationnel,Organisationnel,"Quel numéro d'immatriculation légal n'est pas obligatoire pour une Junior ?",3,"Un numéro de commerce (chambre de commerce)",1,
42,organisationnel,Organisationnel,"Doit-on conserver toutes les versions des statuts et du règlement intérieur ?",0,"Oui et par ordre chronologique.",1,
42,organisationnel,Organisationnel,"Doit-on conserver toutes les versions des statuts et du règlement intérieur ?",1,"Oui sauf les statuts avant 1988.",0,
42,organisationnel,Organisationnel,"Doit-on conserver toutes les versions des statuts et du règlement intérieur ?",2,"Oui sauf les statuts avant 2000.",0,
42,organisationnel,Organisationnel,"Doit-on conserver toutes les versions des statuts et du règlement intérieur ?",3,Non,0,
43,organisationnel,Organisationnel,"Que trouve-t-on dans le classeur d'association ?",0,"PV d'AG, anciennes déclarations CNIL et autres documents",0,
43,organisationnel,Organisationnel,"Que trouve-t-on dans le classeur d'association ?",1,"CRCA, PV d'AG, anciennes déclarations CNIL et autres documents",0,
43,organisationnel,Organisationnel,"Que trouve-t-on dans le classeur d'association ?",2,"CRCA, PV d'AG, anciennes déclarations CNIL, licences...",1,
43,organisationnel,Organisationnel,"Que trouve-t-on dans le classeur d'association ?",3,"CRCA, PV d'AG,demandes RGPD, licences...",0,
44,organisationnel,Organisationnel,"Un PVRI permet-il de rémunérer les intervenants ?",0,"Oui, à condition qu'une FI ait été émise et payé par le client",1,
44,organisationnel,Organisationnel,"Un PVRI permet-il de rémunérer les intervenants ?",1,"Non, il faut attendre le PVRF",0,
44,organisationnel,Organisationnel,"Un PVRI permet-il de rémunérer les intervenants ?",2,"Oui, dans tout les cas",0,
45,organisationnel,Organisationnel,"Les Juniors en Alsace-Moselle doivent-elles déclarer les changements de statuts en préfecture ?",0,"Non, il faut qu'elles les déclarent au Tribunal Administratif.",0,
45,organisationnel,Organisationnel,"Les Juniors en Alsace-Moselle doivent-elles déclarer les changements de statuts en préfecture ?",1,"Non, il faut qu'elles les déclarent au Tribunal Judiciaire.",1,
45,organisationnel,Organisationnel,"Les Juniors en Alsace-Moselle doivent-elles déclarer les changements de statuts en préfecture ?",2,"Non, il faut qu'elles les déclarent au CA de la CNJE.",0,
45,organisationnel,Organisationnel,"Les Juniors en Alsace-Moselle doivent-elles déclarer les changements de statuts en préfecture ?",3,Oui,0,
46,organisationnel,Organisationnel,"Est-il possible de rémunérer un étudiant en utilisant l'acompte versé par le client ?",0,"Non, car l'acompte facture un pourcentage et pas des JEH",1,
46,organisationnel,Organisationnel,"Est-il possible de rémunérer un étudiant en utilisant l'acompte versé par le client ?",1,Oui,0,
46,organisationnel,Organisationnel,"Est-il possible de rémunérer un étudiant en utilisant l'acompte versé par le client ?",2,"Non, car l'intervenant risquerait de ne jamais finir sa mission",0,
47,organisationnel,Organisationnel,"Une Junior peut-elle réaliser une étude pour elle-même ?",0,"Oui mais le président ne peut ni être chef de projet ou intervenant",0,
47,organisationnel,Organisationnel,"Une Junior peut-elle réaliser une étude pour elle-même ?",1,"Oui mais seulement si l'intervenant est un administrateur de la Junior.",0,
47,organisationnel,Organisationnel,"Une Junior peut-elle réaliser une étude pour elle-même ?",2,"Non cela pourrait engendrer des dérives dangereuses pour le Mouvement",1,
47,organisationnel,Organisationnel,"Une Junior peut-elle réaliser une étude pour elle-même ?",3,"Aucune des 3 réponses",0,
48,organisationnel,Organisationnel,"Qu'est-ce que l'exercice social d'une Junior ?",0,"Aucune des 3 réponses",0,
48,organisationnel,Organisationnel,"Qu'est-ce que l'exercice social d'une Junior ?",1,"Il s'agit de la période sur laquelle s'inscrit un mandat.",1,
48,organisationnel,Organisationnel,"Qu'est-ce que l'exercice social d'une Junior ?",2,"Il doit s'étendre du 1er janvier au 31 décembre de l'année",0,
48,organisationnel,Organisationnel,"Qu'est-ce que l'exercice social d'une Junior ?",3,"L'exercice social se base sur la cloture comptable.",0,
49,organisationnel,Organisationnel,"Qu'est-ce qu'un quitus ?",0,"Bilan du Président et du Trésorier sortants voté en AGE.",0,
49,organisationnel,Organisationnel,"Qu'est-ce qu'un quitus ?",1,"Bilan du Président et du Trésorier entrants voté en AGE.",0,
49,organisationnel,Organisationnel,"Qu'est-ce qu'un quitus ?",2,"Bilan du Président et du Trésorier sortants voté en AGO.",1,
49,organisationnel,Organisationnel,"Qu'est-ce qu'un quitus ?",3,"Bilan du Président et du Trésorier entrants voté en AGO.",0,
50,organisationnel,Organisationnel,"En cas d'avenant au RM, que mettre comme référence sur le BV ?",0,"La référence du RM initial ainsi que la (ou les) référence de l'avenant au RM pour permettre de conserver une cohérence, entre le nombre de JEH par exemple.",0,
50,organisationnel,Organisationnel,"En cas d'avenant au RM, que mettre comme référence sur le BV ?",1,"Seulement la référence du dernier avenant au RM pour permettre de conserver une cohérence, entre le nombre de JEH par exemple.",0,
50,organisationnel,Organisationnel,"En cas d'avenant au RM, que mettre comme référence sur le BV ?",2,"La référence du RM initial ainsi que la référence du dernier avenant au RM pour permettre de conserver une cohérence, entre le nombre de JEH par exemple.",1,
50,organisationnel,Organisationnel,"En cas d'avenant au RM, que mettre comme référence sur le BV ?",3,"La référence du RM initial.",0,
51,organisationnel,Organisationnel,"Utiliser un CMS est-il déontologique ?",0,"Non, c'est interdit",0,
51,organisationnel,Organisationnel,"Utiliser un CMS est-il déontologique ?",1,"Oui si étudiant capable de prouver une PVP suffisante",1,
52,organisationnel,Organisationnel,"Qu'est-ce que Sphinx ?",0,"Logiciel de CAO pouvant être utilisé dans le cadre d'études commerciales",0,
52,organisationnel,Organisationnel,"Qu'est-ce que Sphinx ?",1,"Logiciel de de dévelopement pouvant être utilisé dans le cadre d'études commerciales",0,
52,organisationnel,Organisationnel,"Qu'est-ce que Sphinx ?",2,"Logiciel de traitement de données ne pouvant pas être utilisé dans le cadre d'études commerciales",0,
52,organisationnel,Organisationnel,"Qu'est-ce que Sphinx ?",3,"Logiciel de traitement de données pouvant être utilisé dans le cadre d'études commerciales",1,
53,organisationnel,Organisationnel,"Quelle est la différence entre une Assemblée Générale Ordinaire (AGO) et une Assemblée Générale Extraordinaire (AGE) ?",0,"Aucune des 3 réponses",0,
53,organisationnel,Organisationnel,"Quelle est la différence entre une Assemblée Générale Ordinaire (AGO) et une Assemblée Générale Extraordinaire (AGE) ?",1,"Une AGO est prévue statutairement et permet le renouvellement de l'équipe dirigeante, une AGE n'est pas prévisible et répond à un certain nombre de cas exceptionnels définis par les Statuts",1,
53,organisationnel,Organisationnel,"Quelle est la différence entre une Assemblée Générale Ordinaire (AGO) et une Assemblée Générale Extraordinaire (AGE) ?",2,"Une AGE est prévue statutairement et permet le renouvellement de l'équipe dirigeante, une AGO n'est pas prévisible et répond à un certain nombre de cas exceptionnels définis par les Statuts",0,
53,organisationnel,Organisationnel,"Quelle est la différence entre une Assemblée Générale Ordinaire (AGO) et une Assemblée Générale Extraordinaire (AGE) ?",3,"Une AGO peut modifier les statuts contrairement à une AGE.",0,
54,organisationnel,Organisationnel,"Une Junior peut-elle organiser un événement ?",0,"Oui, il faut limiter les bénéfices et que cela reste à titre exceptionnel.",1,
54,organisationnel,Organisationnel,"Une Junior peut-elle organiser un événement ?",1,"Oui, mais que cela reste à titre exceptionnel.",0,
54,organisationnel,Organisationnel,"Une Junior peut-elle organiser un événement ?",2,"Non c'est interdit",0,
54,organisationnel,Organisationnel,"Une Junior peut-elle organiser un événement ?",3,"Oui aucun problème",0,
55,organisationnel,Organisationnel,"Quels sont les droits des personnes concernant la conservation des données personnelles ?",0,"accès,portabilité,effacement, modification, opposition",0,
55,organisationnel,Organisationnel,"Quels sont les droits des personnes concernant la conservation des données personnelles ?",1,"accès,portabilité, suppression, rectification, opposition",0,
55,organisationnel,Organisationnel,"Quels sont les droits des personnes concernant la conservation des données personnelles ?",2,"accès,portabilité,effacement, rectification, opposition",1,
55,organisationnel,Organisationnel,"Quels sont les droits des personnes concernant la conservation des données personnelles ?",3,"lecture ,portabilité,effacement, rectification, opposition",0,
56,organisationnel,Organisationnel,"Qu'est-ce qu'un processus ?",0,"Une suite logique d'étapes avec acteurs, temps...",1,
56,organisationnel,Organisationnel,"Qu'est-ce qu'un processus ?",1,"Aucune des 2 réponses",0,
56,organisationnel,Organisationnel,"Qu'est-ce qu'un processus ?",2,"Ne contient pas de procédures",0,
57,organisationnel,Organisationnel,"A quoi sert la Convention d'Etude ?",0,"C'est une convention qui présente l'offre commerciale et les conditions contractuelles. Elle lie et engage le client et la Junior autour d'un projet, une fois signée",1,
57,organisationnel,Organisationnel,"A quoi sert la Convention d'Etude ?",1,"C'est une convention qui présente l'offre commerciale et les conditions contractuelles. Elle lie et engage l'intervenant et la Junior autour d'un projet, une fois signée",0,
58,organisationnel,Organisationnel,"Le client souhaite changer une partie du Cahier des Charges en cours d'étude, comment faire ?",0,"Il faut réaliser un avenant de budget",0,
58,organisationnel,Organisationnel,"Le client souhaite changer une partie du Cahier des Charges en cours d'étude, comment faire ?",1,"Il faut réaliser un avenant de délai",0,
58,organisationnel,Organisationnel,"Le client souhaite changer une partie du Cahier des Charges en cours d'étude, comment faire ?",2,"Il faut réaliser un avenant de rupture",0,
58,organisationnel,Organisationnel,"Le client souhaite changer une partie du Cahier des Charges en cours d'étude, comment faire ?",3,"Il faut réaliser un avenant de méthode",1,
59,organisationnel,Organisationnel,"A quelles conditions puis-je faire un avenant de délai à un Récapitulatif de Mission par courriel ?",0,"Seulement si l'avenant de délai à la CE a été réalisé par courriel.",0,
59,organisationnel,Organisationnel,"A quelles conditions puis-je faire un avenant de délai à un Récapitulatif de Mission par courriel ?",1,"Seulement si l'étudiant est un étudiant français.",0,
59,organisationnel,Organisationnel,"A quelles conditions puis-je faire un avenant de délai à un Récapitulatif de Mission par courriel ?",2,"Aucune, tout avenant au Récapitulatif de Mission doit être sous forme papier.",1,
59,organisationnel,Organisationnel,"A quelles conditions puis-je faire un avenant de délai à un Récapitulatif de Mission par courriel ?",3,"Seulement s'il y a plus de 3 intervenants sur l'étude.",0,
60,organisationnel,Organisationnel,"Une étude de prospection respecte-elle le cadre déontologique des Juniors ?",0,"Aucune des 3 réponses",0,
60,organisationnel,Organisationnel,"Une étude de prospection respecte-elle le cadre déontologique des Juniors ?",1,Non,1,
60,organisationnel,Organisationnel,"Une étude de prospection respecte-elle le cadre déontologique des Juniors ?",2,"Oui si elle est suivi par une phase d'analyse.",0,
60,organisationnel,Organisationnel,"Une étude de prospection respecte-elle le cadre déontologique des Juniors ?",3,"Il faut demander l'accord du pôle Conseil avec un ticket.",0,
61,organisationnel,Organisationnel,"Existe-t-il un montant maximum de cotisation ?",0,"Oui, la limite est fixée à 280€",0,
61,organisationnel,Organisationnel,"Existe-t-il un montant maximum de cotisation ?",1,"Oui, la limite est fixée à 75% du SMIC annuel",0,
61,organisationnel,Organisationnel,"Existe-t-il un montant maximum de cotisation ?",2,"Oui, la limite est fixée à 450€",0,
61,organisationnel,Organisationnel,"Existe-t-il un montant maximum de cotisation ?",3,"Non aucune",1,
62,organisationnel,Organisationnel,"Quand est émis le Procès-Verbal de Recette finale ?",0,"Il est émis apres la facture de solde",0,
62,organisationnel,Organisationnel,"Quand est émis le Procès-Verbal de Recette finale ?",1,"Il est émis avant la facture de solde",1,
62,organisationnel,Organisationnel,"Quand est émis le Procès-Verbal de Recette finale ?",2,"Il est émis apres le BV",0,
63,organisationnel,Organisationnel,"Comment faire si l'on souhaite rajouter un point exceptionnel à une AGO ?",0,"Au Conseil d'Administration",0,
63,organisationnel,Organisationnel,"Comment faire si l'on souhaite rajouter un point exceptionnel à une AGO ?",1,"On fait une AGE : Assemblée Générale Extraordinaire",0,
63,organisationnel,Organisationnel,"Comment faire si l'on souhaite rajouter un point exceptionnel à une AGO ?",2,"On fait une AGO : Assemblée Générale Ordinaire",0,
63,organisationnel,Organisationnel,"Comment faire si l'on souhaite rajouter un point exceptionnel à une AGO ?",3,"On fait une AGM : Assemblée Générale Mixte",1,
64,organisationnel,Organisationnel,"Est-on obligé d'éditer des documents d'étude pour une étude pro-bono sans  indemnisation de l'intervenant ?",0,"Seulement si le Client est un particulier.",0,
64,organisationnel,Organisationnel,"Est-on obligé d'éditer des documents d'étude pour une étude pro-bono sans  indemnisation de l'intervenant ?",1,"C'est facultatif mais peut-être mis en place pour un meilleur suivi de l'étude pro-bono",1,
64,organisationnel,Organisationnel,"Est-on obligé d'éditer des documents d'étude pour une étude pro-bono sans  indemnisation de l'intervenant ?",2,"C'est obligatoire pour un meilleur suivi de l'étude pro-bono",0,
64,organisationnel,Organisationnel,"Est-on obligé d'éditer des documents d'étude pour une étude pro-bono sans  indemnisation de l'intervenant ?",3,"Seulement s'il y a plus de 3 étudiants sur l'étude.",0,
65,organisationnel,Organisationnel,"Quel document doit être édité suite à une Assemblée Générale ?",0,"Un Procès-Verbal qui reprendra les décisions prises par l'AG",1,
65,organisationnel,Organisationnel,"Quel document doit être édité suite à une Assemblée Générale ?",1,"Une Note d'AG qui reprendra les décisions prises par l'Assemblée Générale",0,
65,organisationnel,Organisationnel,"Quel document doit être édité suite à une Assemblée Générale ?",2,"Un Compte Rendu qui reprendra les décisions prises par l'Assemblée Générale",0,
65,organisationnel,Organisationnel,"Quel document doit être édité suite à une Assemblée Générale ?",3,"Un Plan d'Action qui reprendra les décisions prises par l'AG",0,
66,organisationnel,Organisationnel,"A quel(s) document(s) un Récapitulatif de Mission doit-il faire référence ?",0,"Aucune des 3 réponses",0,
66,organisationnel,Organisationnel,"A quel(s) document(s) un Récapitulatif de Mission doit-il faire référence ?",1,"Au BV",0,
66,organisationnel,Organisationnel,"A quel(s) document(s) un Récapitulatif de Mission doit-il faire référence ?",2,"Au PVRI",0,
66,organisationnel,Organisationnel,"A quel(s) document(s) un Récapitulatif de Mission doit-il faire référence ?",3,"A la Convention d'Etude ou au Bon de Commande",1,
67,organisationnel,Organisationnel,"Est-il possible de payer sa cotisation par des moyens ""numériques"" (Lydia Pro, PayPal…) ?",0,"Non, c'est interdit",0,
67,organisationnel,Organisationnel,"Est-il possible de payer sa cotisation par des moyens ""numériques"" (Lydia Pro, PayPal…) ?",1,"Tout à fait, tant qu'une preuve comptable est à disposition de la Junior",1,
68,organisationnel,Organisationnel,"Quelles règles faut-il respecter pour rédiger un Avenant à un Avenant à la Convention d'Etude ou à la Convention Cadre ?",0,"il faut mentionner la raison de l'avenant de manière explicite",0,
68,organisationnel,Organisationnel,"Quelles règles faut-il respecter pour rédiger un Avenant à un Avenant à la Convention d'Etude ou à la Convention Cadre ?",1,"Il est impossible de rédiger un document de ce type.",1,
68,organisationnel,Organisationnel,"Quelles règles faut-il respecter pour rédiger un Avenant à un Avenant à la Convention d'Etude ou à la Convention Cadre ?",2,"Il faut faire faire figurer la référence a l'ancien avenant.",0,
68,organisationnel,Organisationnel,"Quelles règles faut-il respecter pour rédiger un Avenant à un Avenant à la Convention d'Etude ou à la Convention Cadre ?",3,"Aucune des 3 réponses",0,
69,organisationnel,Organisationnel,"Où est défini le délai de garantie d'une prestation ?",0,"Dans la Convention d'Etude, à l'article ""Garantie"".",1,
69,organisationnel,Organisationnel,"Où est défini le délai de garantie d'une prestation ?",1,"Dans le RM à l'article ""Garantie"".",0,
69,organisationnel,Organisationnel,"Où est défini le délai de garantie d'une prestation ?",2,"Dans le PVRF, à l'article ""Garantie"".",0,
69,organisationnel,Organisationnel,"Où est défini le délai de garantie d'une prestation ?",3,"Dans le RP, à l'article ""Garantie"".",0,
70,organisationnel,Organisationnel,"Le questionnaire de satisfaction est-il obligatoire ?",0,"Pas pour le client, mais il est obligatoire pour chaque intervenant.",1,
70,organisationnel,Organisationnel,"Le questionnaire de satisfaction est-il obligatoire ?",1,"Il est obligatoire pour chaque intervenant et pour le Client.",0,
70,organisationnel,Organisationnel,"Le questionnaire de satisfaction est-il obligatoire ?",2,"Il n'est pas obligatoire.",0,
71,organisationnel,Organisationnel,"Quand est-il possible de signer un Récapitulatif de Mission avec un intervenant ?",0,"Le premier Récapitulatif de Mission sur une étude peut être signé avant la signature du Bulletin d'Adhésion si la fin d'étude est dans 15 jours.",0,
71,organisationnel,Organisationnel,"Quand est-il possible de signer un Récapitulatif de Mission avec un intervenant ?",1,"Le premier Récapitulatif de Mission sur une étude ne pourra être signé qu'après la Convention d'Etude qui lance l'étude",1,
71,organisationnel,Organisationnel,"Quand est-il possible de signer un Récapitulatif de Mission avec un intervenant ?",2,"Le premier Récapitulatif de Mission sur une étude peut être signé avant la Convention d'Etude qui lance l'étude",0,
71,organisationnel,Organisationnel,"Quand est-il possible de signer un Récapitulatif de Mission avec un intervenant ?",3,"Le premier Récapitulatif de Mission sur une étude peut être signé avant la signature du Bulletin d'Adhésion si l'étude à déjà commencé depuis 15 jours.",0,
72,organisationnel,Organisationnel,"Qui est responsable pénalement  ?",0,"Trésorier et SG au nom de la Junior",0,
72,organisationnel,Organisationnel,"Qui est responsable pénalement  ?",1,"Président et SG au nom de la Junior",0,
72,organisationnel,Organisationnel,"Qui est responsable pénalement  ?",2,"Tous les membres à hauteur de leurs responsabilités personnelles",0,
72,organisationnel,Organisationnel,"Qui est responsable pénalement  ?",3,"Président et Tresorier",1,
73,organisationnel,Organisationnel,"Qu'est-ce qu'une Convention-Cadre ?",0,"C'est le document a utiliser en cas de sous-traitance entre Juniors.",0,
73,organisationnel,Organisationnel,"Qu'est-ce qu'une Convention-Cadre ?",1,"C'est le nouveau document qui remplace la Convention Etude.",0,
73,organisationnel,Organisationnel,"Qu'est-ce qu'une Convention-Cadre ?",2,"C'est un document permettant de simplifier les formalités administratives d'une relation commerciale avec un client, pour facilement renouveler les études avec lui. La Convention Cadre Agile permet de faire évoluer l'étude au fur et à mesure des signatures des Bons de Commande.",1,
73,organisationnel,Organisationnel,"Qu'est-ce qu'une Convention-Cadre ?",3,"Aucune de ces 3 réponses",0,
74,organisationnel,Organisationnel,"A la fin d'une étude, à qui appartient le droit moral ? ?",0,"Il appartient au Client.",0,
74,organisationnel,Organisationnel,"A la fin d'une étude, à qui appartient le droit moral ? ?",1,"Il appartient à la Junior",0,
74,organisationnel,Organisationnel,"A la fin d'une étude, à qui appartient le droit moral ? ?",2,"Il appartient à l'intervenant",1,
75,organisationnel,Organisationnel,"Comment définir une subvention commerciale ?",0,"Une subvention commerciale donne droit à un service commercial",1,
75,organisationnel,Organisationnel,"Comment définir une subvention commerciale ?",1,"Une subvention commerciale ne donne pas droit à un service commercial",0,
76,organisationnel,Organisationnel,"Est-on obligé d’attendre la date de fin théorique pour clôturer l’étude ?",0,Oui,0,
76,organisationnel,Organisationnel,"Est-on obligé d’attendre la date de fin théorique pour clôturer l’étude ?",1,"Non, vous pouvez faire signer le PVRI",0,
76,organisationnel,Organisationnel,"Est-on obligé d’attendre la date de fin théorique pour clôturer l’étude ?",2,"Non vous pouvez faire signer l'avenant de rupture.",0,
76,organisationnel,Organisationnel,"Est-on obligé d’attendre la date de fin théorique pour clôturer l’étude ?",3,"Non, vous pouvez faire signer le PVRF",1,
77,organisationnel,Organisationnel,"A partir de quel moment la modification des Statuts est-elle valable ?",0,"Deux semaines après que les nouveaux Statuts ont été votés par le CA",0,
77,organisationnel,Organisationnel,"A partir de quel moment la modification des Statuts est-elle valable ?",1,"Deux semaines après que les nouveaux Statuts ont été votés en AGO",0,
77,organisationnel,Organisationnel,"A partir de quel moment la modification des Statuts est-elle valable ?",2,"Dès que les nouveaux Statuts ont été votés en AGE/AGM",1,
77,organisationnel,Organisationnel,"A partir de quel moment la modification des Statuts est-elle valable ?",3,"Dès que les nouveaux Statuts ont été votés par le CA",0,
78,organisationnel,Organisationnel,"Que se passe-t-il si une Junior recrute un intervenant spécifiquement pour une mission ?",0,"La cotisation ne résulte plus d'une volonté d'adhérer à la Junior mais devient un droit d'accès commercial aux missions et est donc soumise à TVA",1,
78,organisationnel,Organisationnel,"Que se passe-t-il si une Junior recrute un intervenant spécifiquement pour une mission ?",1,"La base URSSAF qui servira a déclarer les cotisations de cet étudiant augmente",0,
78,organisationnel,Organisationnel,"Que se passe-t-il si une Junior recrute un intervenant spécifiquement pour une mission ?",2,"La base URSSAF diminue",0,
78,organisationnel,Organisationnel,"Que se passe-t-il si une Junior recrute un intervenant spécifiquement pour une mission ?",3,"Aucune des 3 autres réponses",0,
79,organisationnel,Organisationnel,"Pour une étude débutée en 2020 et des Bulletins de Versement émis en 2021 quelle base URSSAF appliquer sur les Bulletins de Versement ?",0,"Cela dépend de la date sur le PVRF.",0,
79,organisationnel,Organisationnel,"Pour une étude débutée en 2020 et des Bulletins de Versement émis en 2021 quelle base URSSAF appliquer sur les Bulletins de Versement ?",1,"Cela dépend de la date de fin théorique inscrit sur la CE.",0,
79,organisationnel,Organisationnel,"Pour une étude débutée en 2020 et des Bulletins de Versement émis en 2021 quelle base URSSAF appliquer sur les Bulletins de Versement ?",2,"La Base URSSAF 2021 car la date de référence est celle de l'émission du BV",1,
79,organisationnel,Organisationnel,"Pour une étude débutée en 2020 et des Bulletins de Versement émis en 2021 quelle base URSSAF appliquer sur les Bulletins de Versement ?",3,"La Base URSSAF 2020 car la date de référence est celle de l'émission du RM.",0,
80,organisationnel,Organisationnel,"Combien de temps une liasse fiscale doit-elle être archivée ?",0,"Une liasse fiscale doit être archivée à vie",0,
80,organisationnel,Organisationnel,"Combien de temps une liasse fiscale doit-elle être archivée ?",1,"Une liasse fiscale doit être archivée au moins 10 ans",1,
80,organisationnel,Organisationnel,"Combien de temps une liasse fiscale doit-elle être archivée ?",2,"Une liasse fiscale doit être archivée au moins 3 ans",0,
80,organisationnel,Organisationnel,"Combien de temps une liasse fiscale doit-elle être archivée ?",3,"Une liasse fiscale doit être archivée au moins 5 ans",0,
81,organisationnel,Organisationnel,"Quelle est la différence entre une obligation de moyen et une obligation de résultat ?",0,"L'obligation de résultat est la plus protectrice",0,
81,organisationnel,Organisationnel,"Quelle est la différence entre une obligation de moyen et une obligation de résultat ?",1,"L'obligation de moyen est la plus protectrice",1,
82,organisationnel,Organisationnel,"Combien de temps doit-on conserver les feuilles d'émargement en Assemblée Générale ?",0,"5 ans minimum",1,
82,organisationnel,Organisationnel,"Combien de temps doit-on conserver les feuilles d'émargement en Assemblée Générale ?",1,"7 ans minimum",0,
82,organisationnel,Organisationnel,"Combien de temps doit-on conserver les feuilles d'émargement en Assemblée Générale ?",2,"6 ans minimum",0,
82,organisationnel,Organisationnel,"Combien de temps doit-on conserver les feuilles d'émargement en Assemblée Générale ?",3,"8 ans minimum",0,
83,organisationnel,Organisationnel,"Dans quel cas une Junior peut-elle faire de la formation lors d'une étude ?",0,"Aucune des 3 réponses",0,
83,organisationnel,Organisationnel,"Dans quel cas une Junior peut-elle faire de la formation lors d'une étude ?",1,"Dans le cadre d'une conférence.",0,
83,organisationnel,Organisationnel,"Dans quel cas une Junior peut-elle faire de la formation lors d'une étude ?",2,"Seulement auprès de particuliers et d'organismes de formation",0,
83,organisationnel,Organisationnel,"Dans quel cas une Junior peut-elle faire de la formation lors d'une étude ?",3,"Formation en lien avec enseignement de l'école, support adapté au client",1,
84,organisationnel,Organisationnel,"Qui est responsable pénalement et civilement dans une association ?",0,"Tous les membres à hauteur de leurs responsabilités personnelles",1,
84,organisationnel,Organisationnel,"Qui est responsable pénalement et civilement dans une association ?",1,"Président et SG au nom de la Junior",0,
84,organisationnel,Organisationnel,"Qui est responsable pénalement et civilement dans une association ?",2,"Trésorier et SG au nom de la Junior",0,
84,organisationnel,Organisationnel,"Qui est responsable pénalement et civilement dans une association ?",3,"Président et Tresorier",0,
85,organisationnel,Organisationnel,"Quel document n'est pas obligatoire pour un dossier étudiant complet ?",0,"Un document officiel présentant le Numéro de Sécurité Sociale",0,
85,organisationnel,Organisationnel,"Quel document n'est pas obligatoire pour un dossier étudiant complet ?",1,"Carte étudiante et certificat de scolarité",0,
85,organisationnel,Organisationnel,"Quel document n'est pas obligatoire pour un dossier étudiant complet ?",2,"Le CV et la lettre de motivation",0,
85,organisationnel,Organisationnel,"Quel document n'est pas obligatoire pour un dossier étudiant complet ?",3,"La CVEC",0,
86,organisationnel,Organisationnel,"Comment faire s'il y a plusieurs clients sur une même étude ?",0,"Il faut faire autant de CE que de clients.",0,En cas d'avenant au RM, que mettre comme référence sur le BV ?


86,organisationnel,Organisationnel,"Comment faire s'il y a plusieurs clients sur une même étude ?",1,"Il faut faire une convention (multi) partite.",1,
86,organisationnel,Organisationnel,"Comment faire s'il y a plusieurs clients sur une même étude ?",2,"Il faut faire une CE seulement avec le client qui paye l'étude.",0,
87,organisationnel,Organisationnel,"Quelle est la juridiction compétente à faire figurer dans une Convention d'Etude à l'article ""Litiges"" ?",0,"Pour une institution publique, il s'agit du CA de la CNJE.",0,
87,organisationnel,Organisationnel,"Quelle est la juridiction compétente à faire figurer dans une Convention d'Etude à l'article ""Litiges"" ?",1,"Pour une institution publique, il s'agit du tribunal judiciaire.",0,
87,organisationnel,Organisationnel,"Quelle est la juridiction compétente à faire figurer dans une Convention d'Etude à l'article ""Litiges"" ?",2,"Pour une institution publique, il s'agit du tribunal administratif.",1,
87,organisationnel,Organisationnel,"Quelle est la juridiction compétente à faire figurer dans une Convention d'Etude à l'article ""Litiges"" ?",3,"Pour une institution publique, il s'agit de l'AGP",0,
88,mouvement,Mouvement,"Qu'est-ce que GAEL ?",0,"La plateforme qui répertorie tout les services de la CNJE",0,
88,mouvement,Mouvement,"Qu'est-ce que GAEL ?",1,"L'intranet des Junior-Entreprises",0,
88,mouvement,Mouvement,"Qu'est-ce que GAEL ?",2,"Un plan d'action spécifique",0,
88,mouvement,Mouvement,"Qu'est-ce que GAEL ?",3,"L'outil utilisé pour les audits",1,
89,mouvement,Mouvement,"En quelle année la campagne d'audit-conseil a-t-elle été mise en place ?",0,"En 1993, avec le soutien de EY",0,
89,mouvement,Mouvement,"En quelle année la campagne d'audit-conseil a-t-elle été mise en place ?",1,"En 1995, avec le soutien de KPMG",0,
89,mouvement,Mouvement,"En quelle année la campagne d'audit-conseil a-t-elle été mise en place ?",2,"En 1992, avec le soutien de KPMG",1,
89,mouvement,Mouvement,"En quelle année la campagne d'audit-conseil a-t-elle été mise en place ?",3,"En 2012, avec le soutien de KPMG",0,
90,mouvement,Mouvement,"Quelle est la plateforme pour créer les comptes kiwi des membres de votre Junior ?",0,"Kiwi Formation",0,
90,mouvement,Mouvement,"Quelle est la plateforme pour créer les comptes kiwi des membres de votre Junior ?",1,"Kiwi X",1,
90,mouvement,Mouvement,"Quelle est la plateforme pour créer les comptes kiwi des membres de votre Junior ?",2,"Kiwi Légal",0,
90,mouvement,Mouvement,"Quelle est la plateforme pour créer les comptes kiwi des membres de votre Junior ?",3,Junior-Entreprise.org,0,
91,mouvement,Mouvement,"Qu'est que le COS de la CNJE ?",0,"Le Comité d'Objectifs Stratégiques",0,
91,mouvement,Mouvement,"Qu'est que le COS de la CNJE ?",1,"Aucune des trois réponses",0,
91,mouvement,Mouvement,"Qu'est que le COS de la CNJE ?",2,"Le Conseil d'Orientation Stratégique",0,
91,mouvement,Mouvement,"Qu'est que le COS de la CNJE ?",3,"Le Comité d'Orientation Stratégique",1,
92,mouvement,Mouvement,"Quel est le pôle de la CNJE chargé d'accompagner le développement des Junior-Créations et Junior-Initiatives ?",0,"Le pôle accompagnement",1,
92,mouvement,Mouvement,"Quel est le pôle de la CNJE chargé d'accompagner le développement des Junior-Créations et Junior-Initiatives ?",1,"Le pôle audit",0,
92,mouvement,Mouvement,"Quel est le pôle de la CNJE chargé d'accompagner le développement des Junior-Créations et Junior-Initiatives ?",2,"Le pôle conseil",0,
92,mouvement,Mouvement,"Quel est le pôle de la CNJE chargé d'accompagner le développement des Junior-Créations et Junior-Initiatives ?",3,"Le pôle performance",0,
93,mouvement,Mouvement,"Quel document est mis en place par la CNJE à la suite d'une sanction satisfaisant lors d'un audit?",0,"Un plan de développement",1,
93,mouvement,Mouvement,"Quel document est mis en place par la CNJE à la suite d'une sanction satisfaisant lors d'un audit?",1,"Une road map",0,
93,mouvement,Mouvement,"Quel document est mis en place par la CNJE à la suite d'une sanction satisfaisant lors d'un audit?",2,Aucun,0,
93,mouvement,Mouvement,"Quel document est mis en place par la CNJE à la suite d'une sanction satisfaisant lors d'un audit?",3,"Un cahier des charges",0,
94,mouvement,Mouvement,"Première Junior du mouvement",0,"Junior HEC",0,
94,mouvement,Mouvement,"Première Junior du mouvement",1,"junior centralesupélec",0,
94,mouvement,Mouvement,"Première Junior du mouvement",2,"Junior ESSEC",1,
94,mouvement,Mouvement,"Première Junior du mouvement",3,"Marketing Méditerranée",0,
95,mouvement,Mouvement,"Que signifie CNJE ?",0,"Conseil Nationale des Junior-Entreprises",0,
95,mouvement,Mouvement,"Que signifie CNJE ?",1,"Conseil national des Junior-Entrepreneurs",0,
95,mouvement,Mouvement,"Que signifie CNJE ?",2,"Confédération Nationale des Junior-Entreprises",1,
95,mouvement,Mouvement,"Que signifie CNJE ?",3,"Confédération Nationale des Junior-Entrepreneurs",0,
96,mouvement,Mouvement,"Quel type de Junior n'existe pas ?",0,"Junior Création",0,
96,mouvement,Mouvement,"Quel type de Junior n'existe pas ?",1,"Junior Initiative",0,
96,mouvement,Mouvement,"Quel type de Junior n'existe pas ?",2,"Pépinière Junior-Entreprise",1,
96,mouvement,Mouvement,"Quel type de Junior n'existe pas ?",3,Junior-Entreprise,0,
97,mouvement,Mouvement,"Dans ces propositions, lequel de ces éléments ne fait pas partie de l'objet social des Junior-Entreprises ?",0,"Réalisation d'un livrable tangible de qualité",1,
97,mouvement,Mouvement,"Dans ces propositions, lequel de ces éléments ne fait pas partie de l'objet social des Junior-Entreprises ?",1,"Compléter et prolonger l’enseignement théorique",0,
98,mouvement,Mouvement,"Quel processus ne fait pas partie des 4 processus organisationnels définis dans la Norme J.E. ?",0,"Suivi Etude",1,
98,mouvement,Mouvement,"Quel processus ne fait pas partie des 4 processus organisationnels définis dans la Norme J.E. ?",1,"Cadre Légal et Réglementaire",0,
98,mouvement,Mouvement,"Quel processus ne fait pas partie des 4 processus organisationnels définis dans la Norme J.E. ?",2,"Gestion des Ressources Humaines",0,
98,mouvement,Mouvement,"Quel processus ne fait pas partie des 4 processus organisationnels définis dans la Norme J.E. ?",3,"Stratégie & Pilotage",0,
99,mouvement,Mouvement,"Qui a créé JEE et quand ?",0,"JE Global a créé la JADE en 1992, renommée depuis en JEE.",0,
99,mouvement,Mouvement,"Qui a créé JEE et quand ?",1,"La CNJE a créé la JADE en 1992, renommée depuis en JEE.",1,
99,mouvement,Mouvement,"Qui a créé JEE et quand ?",2,"JE Global a créé la JADE en 2012, renommée depuis en JEE.",0,
99,mouvement,Mouvement,"Qui a créé JEE et quand ?",3,"La CNJE a créé la JADE en 2012, renommée depuis en JEE.",0,
100,mouvement,Mouvement,"Est-il possible pour un établissement d'enseignement supérieur d'abriter deux Juniors ?",0,"Non c'est interdit",0,
100,mouvement,Mouvement,"Est-il possible pour un établissement d'enseignement supérieur d'abriter deux Juniors ?",1,"Oui, la première absorbe la deuxième",0,
100,mouvement,Mouvement,"Est-il possible pour un établissement d'enseignement supérieur d'abriter deux Juniors ?",2,"Oui, les deux Juniors doivent fusionner",0,
100,mouvement,Mouvement,"Est-il possible pour un établissement d'enseignement supérieur d'abriter deux Juniors ?",3,"Oui, la seconde Junior créée doit obtenir l'accord de la première",1,
101,mouvement,Mouvement,"Pour obtenir la Norme J.I. il faut ?",0,"3 études, 3 intervenants différents et un CA de 6 000€ HT facturé",0,
101,mouvement,Mouvement,"Pour obtenir la Norme J.I. il faut ?",1,"2 études, 2 intervenants différents et un CA de 1 500€ HT facturé",0,
101,mouvement,Mouvement,"Pour obtenir la Norme J.I. il faut ?",2,"3 études, 3 intervenants diférrents et un CA de 6 000€ HT signé",0,
101,mouvement,Mouvement,"Pour obtenir la Norme J.I. il faut ?",3,"2 études, 2 intervenants différents et un CA de 1 500€ HT signé",1,
102,mouvement,Mouvement,"Quelle est la plateforme en cas de question sur le cadre légal des Junior-Entreprise ?",0,Junior-Entreprise.org,0,
102,mouvement,Mouvement,"Quelle est la plateforme en cas de question sur le cadre légal des Junior-Entreprise ?",1,Kiwi,0,
102,mouvement,Mouvement,"Quelle est la plateforme en cas de question sur le cadre légal des Junior-Entreprise ?",2,"Kiwi Légal",1,
102,mouvement,Mouvement,"Quelle est la plateforme en cas de question sur le cadre légal des Junior-Entreprise ?",3,"Kiwi Formation",0,
103,mouvement,Mouvement,"En quelle année le Prix d'Excellence a-t-il été créé ?",0,"En 2019",0,
103,mouvement,Mouvement,"En quelle année le Prix d'Excellence a-t-il été créé ?",1,"En 2002",0,
103,mouvement,Mouvement,"En quelle année le Prix d'Excellence a-t-il été créé ?",2,"En 1987",1,
103,mouvement,Mouvement,"En quelle année le Prix d'Excellence a-t-il été créé ?",3,"En 1998",0,
104,mouvement,Mouvement,"De quand date la première Norme J.E. ?",0,2015,0,
104,mouvement,Mouvement,"De quand date la première Norme J.E. ?",1,2016,0,
104,mouvement,Mouvement,"De quand date la première Norme J.E. ?",2,2020,0,
104,mouvement,Mouvement,"De quand date la première Norme J.E. ?",3,2018,1,
105,mouvement,Mouvement,"Quel est le chiffre d'affaire global du mouvement ? (En 2021)",0,"1 million €",0,
105,mouvement,Mouvement,"Quel est le chiffre d'affaire global du mouvement ? (En 2021)",1,"6 million €",0,
105,mouvement,Mouvement,"Quel est le chiffre d'affaire global du mouvement ? (En 2021)",2,"2 million €",0,
105,mouvement,Mouvement,"Quel est le chiffre d'affaire global du mouvement ? (En 2021)",3,"11,175 million €",1,
106,mouvement,Mouvement,"Quelle est la date de création de la CNJE",0,1969,1,
106,mouvement,Mouvement,"Quelle est la date de création de la CNJE",1,1901,0,
106,mouvement,Mouvement,"Quelle est la date de création de la CNJE",2,1967,0,
106,mouvement,Mouvement,"Quelle est la date de création de la CNJE",3,1984,0,
107,mouvement,Mouvement,"De quand date la dernière Norme J.E. ?",0,2018,0,
107,mouvement,Mouvement,"De quand date la dernière Norme J.E. ?",1,2022,1,
107,mouvement,Mouvement,"De quand date la dernière Norme J.E. ?",2,2015,0,
107,mouvement,Mouvement,"De quand date la dernière Norme J.E. ?",3,2021,0,
108,mouvement,Mouvement,"Quelles sont les différentes sanctions d'audit-conseil pour une Junior-Entreprise?",0,"Satisfaisant, AC,BS, PPU, Rétrogradation, Radiation",0,
108,mouvement,Mouvement,"Quelles sont les différentes sanctions d'audit-conseil pour une Junior-Entreprise?",1,"Satisfaisant, AS, AF, PPU, Rétrogradation, Radiation",0,
108,mouvement,Mouvement,"Quelles sont les différentes sanctions d'audit-conseil pour une Junior-Entreprise?",2,"Satisfaisant, AC, AF, PPU, Rétrogradation, Radiation",1,
109,mouvement,Mouvement,"Qui a porté plainte contre une Junior du mouvement en 1988 ? (qui a donner lieu à un texte de loi par la suite)",0,"Un intervenant",0,
109,mouvement,Mouvement,"Qui a porté plainte contre une Junior du mouvement en 1988 ? (qui a donner lieu à un texte de loi par la suite)",1,"Les URSSAF",1,
109,mouvement,Mouvement,"Qui a porté plainte contre une Junior du mouvement en 1988 ? (qui a donner lieu à un texte de loi par la suite)",2,"L'état français",0,
109,mouvement,Mouvement,"Qui a porté plainte contre une Junior du mouvement en 1988 ? (qui a donner lieu à un texte de loi par la suite)",3,"Le FISC",0,
110,mouvement,Mouvement,"Combien existe-t-il de types d'auditeurs-conseil différents et quels sont-ils ?",0,"3 types différents : trésorerie, étude et organisationnel",0,
110,mouvement,Mouvement,"Combien existe-t-il de types d'auditeurs-conseil différents et quels sont-ils ?",1,"3 types différents : J.E., J.I. et J.C.",0,
110,mouvement,Mouvement,"Combien existe-t-il de types d'auditeurs-conseil différents et quels sont-ils ?",2,"2 types différents : trésorerie et organisationnel",1,
110,mouvement,Mouvement,"Combien existe-t-il de types d'auditeurs-conseil différents et quels sont-ils ?",3,"2 types différents : auditeur-conseil junior et auditeur-conseil senior",0,
111,mouvement,Mouvement,"Qu'est-ce que les Excellence Awards ? Quand sont-ils remis ?",0,"Ce sont des prix décernés par JEE pendant la Winter Conference à Bruxelles",1,
111,mouvement,Mouvement,"Qu'est-ce que les Excellence Awards ? Quand sont-ils remis ?",1,"Ce sont des prix décernés par la CNJE pendant le CNE",0,
111,mouvement,Mouvement,"Qu'est-ce que les Excellence Awards ? Quand sont-ils remis ?",2,"Ce sont des prix décernés par JEE pendant la Spring Conference à Venise",0,
111,mouvement,Mouvement,"Qu'est-ce que les Excellence Awards ? Quand sont-ils remis ?",3,"Ce sont des prix décernés par la CNJE pendant la JEX",0,
112,mouvement,Mouvement,"Quelle est la plateforme pour pouvoir acceder aux E-learning de la CNJE ?",0,Kiwi,0,
112,mouvement,Mouvement,"Quelle est la plateforme pour pouvoir acceder aux E-learning de la CNJE ?",1,"Kiwi Formation",1,
112,mouvement,Mouvement,"Quelle est la plateforme pour pouvoir acceder aux E-learning de la CNJE ?",2,Junior-Entreprise.org,0,
112,mouvement,Mouvement,"Quelle est la plateforme pour pouvoir acceder aux E-learning de la CNJE ?",3,"Kiwi Légal",0,
113,mouvement,Mouvement,"Quel(s) est(sont) le(s) épreuve(s) pour devenir formateur CNJE ?",0,"Week-end de Formation",0,
113,mouvement,Mouvement,"Quel(s) est(sont) le(s) épreuve(s) pour devenir formateur CNJE ?",1,"Test de connaissance",0,
113,mouvement,Mouvement,"Quel(s) est(sont) le(s) épreuve(s) pour devenir formateur CNJE ?",2,"Acune des trois propositions",0,
113,mouvement,Mouvement,"Quel(s) est(sont) le(s) épreuve(s) pour devenir formateur CNJE ?",3,"Rendu d'un dossier technique et Réalisation une formation à blanc",1,
114,mouvement,Mouvement,"De quand date la première Norme J.I. ?",0,2015,0,
114,mouvement,Mouvement,"De quand date la première Norme J.I. ?",1,2018,1,
114,mouvement,Mouvement,"De quand date la première Norme J.I. ?",2,2020,0,
114,mouvement,Mouvement,"De quand date la première Norme J.I. ?",3,2016,0,
115,mouvement,Mouvement,"Quelles sont les régions CNJE ?",0,"Nord, Nord-Ouest, Ouest, Sud-Ouest,Sud, Est, Centre-Est, Ile de France",0,
115,mouvement,Mouvement,"Quelles sont les régions CNJE ?",1,"Nord, Nord-Ouest, Ouest, Sud-Ouest, Méditerranée, Est, Centre-Est, Ile de France",1,
115,mouvement,Mouvement,"Quelles sont les régions CNJE ?",2,"Nord, Nord-Ouest, Ouest, Sud-Ouest, Méditerranée, Est, Centre, Ile de France",0,
115,mouvement,Mouvement,"Quelles sont les régions CNJE ?",3,"Nord, Nord-Ouest, Ouest, Sud-Ouest, Méditerranée, Sud-Est, Centre-Est, Ile de France",0,
116,mouvement,Mouvement,"Dans ces propositions,  laquelle n'est pas une sanction d'audit ?",0,"Rétrogradation",0,
116,mouvement,Mouvement,"Dans ces propositions,  laquelle n'est pas une sanction d'audit ?",1,"Procédure principal d'urgence",0,
116,mouvement,Mouvement,"Dans ces propositions,  laquelle n'est pas une sanction d'audit ?",2,"Avertissement conservatoire",0,
116,mouvement,Mouvement,"Dans ces propositions,  laquelle n'est pas une sanction d'audit ?",3,"Avertissement statutaire",1,
117,mouvement,Mouvement,"Où est située la plus grosse confédération nationale de Juniors ?",0,"En Afrique avec plus de 700 Juniors.",0,
117,mouvement,Mouvement,"Où est située la plus grosse confédération nationale de Juniors ?",1,"En Asie avec plus de 700 Juniors.",0,
117,mouvement,Mouvement,"Où est située la plus grosse confédération nationale de Juniors ?",2,"En Europe avec plus de 700 Juniors.",0,
117,mouvement,Mouvement,"Où est située la plus grosse confédération nationale de Juniors ?",3,"Au Brésil avec plus de 700 Juniors.",1,
118,mouvement,Mouvement,"Quelle est la fréquence de l'audit d'une Junior-Entreprise ?",0,"2 ans",0,
118,mouvement,Mouvement,"Quelle est la fréquence de l'audit d'une Junior-Entreprise ?",1,"6 mois",0,
118,mouvement,Mouvement,"Quelle est la fréquence de l'audit d'une Junior-Entreprise ?",2,"3 mois",0,
118,mouvement,Mouvement,"Quelle est la fréquence de l'audit d'une Junior-Entreprise ?",3,"1 an",1,
119,mouvement,Mouvement,"Qu'est-ce qu'un parrainage ?",0,"Un partenariat entre une J.E. et une Junior Hors-Mouvement ou J.C. ou J.I.",1,
119,mouvement,Mouvement,"Qu'est-ce qu'un parrainage ?",1,"Un partenariat entre une Junior ingénieure et une Junior commerciale.",0,
120,mouvement,Mouvement,"Dans ces propositions, quel prix n'est pas présenté au CNH ?",0,"Prix du Meilleur Accompagnement des intervenants",0,
120,mouvement,Mouvement,"Dans ces propositions, quel prix n'est pas présenté au CNH ?",1,"Prix RSE",0,
120,mouvement,Mouvement,"Dans ces propositions, quel prix n'est pas présenté au CNH ?",2,"Prix de la Meilleure Stratégie de Communication",1,
120,mouvement,Mouvement,"Dans ces propositions, quel prix n'est pas présenté au CNH ?",3,"Prix de la Meilleure Stratégie de Développement Commercial",0,
121,mouvement,Mouvement,"Qu'est-ce que WEFA ?",0,"Un congrès spécifique pour les Junior",0,
121,mouvement,Mouvement,"Qu'est-ce que WEFA ?",1,"Un week-end de sélection et de formation pour les futurs Auditeur-Conseil",1,
121,mouvement,Mouvement,"Qu'est-ce que WEFA ?",2,"Un week-end de recrutement pour la futur équipe CNJE",0,
121,mouvement,Mouvement,"Qu'est-ce que WEFA ?",3,"Le dernier congrès d'hiver",0,
122,mouvement,Mouvement,"Quel est le nombre minimum de mission et d'intervenant à avoir sur 1 an pour avoir le statut de Junior-Entreprise ?",0,"2 missions et 1 intervenant",0,
122,mouvement,Mouvement,"Quel est le nombre minimum de mission et d'intervenant à avoir sur 1 an pour avoir le statut de Junior-Entreprise ?",1,"4 missions et 5 intervenants",0,
122,mouvement,Mouvement,"Quel est le nombre minimum de mission et d'intervenant à avoir sur 1 an pour avoir le statut de Junior-Entreprise ?",2,"3 missions et 3 intervenants",1,
122,mouvement,Mouvement,"Quel est le nombre minimum de mission et d'intervenant à avoir sur 1 an pour avoir le statut de Junior-Entreprise ?",3,"3 missions et 2 intervenants",0,
123,mouvement,Mouvement,"Combien y a t-il de régions CNJE ?",0,8,1,
123,mouvement,Mouvement,"Combien y a t-il de régions CNJE ?",1,5,0,
123,mouvement,Mouvement,"Combien y a t-il de régions CNJE ?",2,7,0,
123,mouvement,Mouvement,"Combien y a t-il de régions CNJE ?",3,6,0,
124,mouvement,Mouvement,"Pour obtenir la Norme J.E. il faut ?",0,"2 études, 2 intervenants différents et un CA de 1 500€ HT signé",0,
124,mouvement,Mouvement,"Pour obtenir la Norme J.E. il faut ?",1,"3 études, 3 intervenants diférrents et un CA de 6 000€ HT signé",1,
124,mouvement,Mouvement,"Pour obtenir la Norme J.E. il faut ?",2,"3 études, 3 intervenants différents et un CA de 6 000€ HT facturé",0,
124,mouvement,Mouvement,"Pour obtenir la Norme J.E. il faut ?",3,"2 études, 2 intervenants différents et un CA de 1 500€ HT facturé",0,
125,mouvement,Mouvement,"Combien y a-t-il de Junior-Entreprises en Europe ?",0,"Environ 370 en 2019",1,
125,mouvement,Mouvement,"Combien y a-t-il de Junior-Entreprises en Europe ?",1,"Environ 290 en 2019",0,
125,mouvement,Mouvement,"Combien y a-t-il de Junior-Entreprises en Europe ?",2,"Environ 220 en 2019",0,
125,mouvement,Mouvement,"Combien y a-t-il de Junior-Entreprises en Europe ?",3,"Environ 440 en 2019",0,
126,mouvement,Mouvement,"Quand a lieu l'élection de l'équipe CNJE ?",0,"AGP de septembre",0,
126,mouvement,Mouvement,"Quand a lieu l'élection de l'équipe CNJE ?",1,"AGP de février",0,
126,mouvement,Mouvement,"Quand a lieu l'élection de l'équipe CNJE ?",2,"AGP du CNE",0,
126,mouvement,Mouvement,"Quand a lieu l'élection de l'équipe CNJE ?",3,"AGP de juin",1,
127,mouvement,Mouvement,"Qui est le lauréat du Prix d'Excellence en 2022 ?",0,"Dauphine Junior Consulting",0,
127,mouvement,Mouvement,"Qui est le lauréat du Prix d'Excellence en 2022 ?",1,"Junior Centrale Supélec",1,
127,mouvement,Mouvement,"Qui est le lauréat du Prix d'Excellence en 2022 ?",2,"ESCadrille Toulouse Junior Conseil",0,
127,mouvement,Mouvement,"Qui est le lauréat du Prix d'Excellence en 2022 ?",3,"N7 Consulting",0,
128,mouvement,Mouvement,"Qui sont les partenaires Premium de la CNJE ?",0,"BNP, Alten, EY, Engie",1,
128,mouvement,Mouvement,"Qui sont les partenaires Premium de la CNJE ?",1,"BNP, Altran, EY, Engie",0,
128,mouvement,Mouvement,"Qui sont les partenaires Premium de la CNJE ?",2,"BNP, Alten, KPMG, Engie",0,
128,mouvement,Mouvement,"Qui sont les partenaires Premium de la CNJE ?",3,"Société Générale, Alten, EY, Engie",0,
129,mouvement,Mouvement,"Combien y-a-t-il d'AGP par an ?",0,4,0,
129,mouvement,Mouvement,"Combien y-a-t-il d'AGP par an ?",1,3,0,
129,mouvement,Mouvement,"Combien y-a-t-il d'AGP par an ?",2,6,0,
129,mouvement,Mouvement,"Combien y-a-t-il d'AGP par an ?",3,5,1,
130,mouvement,Mouvement,"Quelle Norme n'existe pas ?",0,"Norme J.I.",0,
130,mouvement,Mouvement,"Quelle Norme n'existe pas ?",1,"Norme J.E.",0,
130,mouvement,Mouvement,"Quelle Norme n'existe pas ?",2,"Norme J.C.",1,
131,mouvement,Mouvement,"Pour un nouvel Auditeur-Conseil, le nombre minimal d'Audits-Conseil obligatoires à réaliser est de :",0,4,0,
131,mouvement,Mouvement,"Pour un nouvel Auditeur-Conseil, le nombre minimal d'Audits-Conseil obligatoires à réaliser est de :",1,3,1,
131,mouvement,Mouvement,"Pour un nouvel Auditeur-Conseil, le nombre minimal d'Audits-Conseil obligatoires à réaliser est de :",2,1,0,
131,mouvement,Mouvement,"Pour un nouvel Auditeur-Conseil, le nombre minimal d'Audits-Conseil obligatoires à réaliser est de :",3,2,0,
132,mouvement,Mouvement,"Dans ces propositions, quel sujet n'est pas abordé/voté en AGP ?",0,"Annonce des vainqueurs des prix",1,
132,mouvement,Mouvement,"Dans ces propositions, quel sujet n'est pas abordé/voté en AGP ?",1,"Vote des Statuts",0,
132,mouvement,Mouvement,"Dans ces propositions, quel sujet n'est pas abordé/voté en AGP ?",2,"Informations sur l'évolution du mouvement",0,
132,mouvement,Mouvement,"Dans ces propositions, quel sujet n'est pas abordé/voté en AGP ?",3,"Vote des passages de marque",0,
133,mouvement,Mouvement,"Quel processus ne fait pas partie des 5 processus Trésorerie définis dans la Norme J.E. ?",0,"Comptabilité",1,
133,mouvement,Mouvement,"Quel processus ne fait pas partie des 5 processus Trésorerie définis dans la Norme J.E. ?",1,Ventes,0,
133,mouvement,Mouvement,"Quel processus ne fait pas partie des 5 processus Trésorerie définis dans la Norme J.E. ?",2,Achats,0,
133,mouvement,Mouvement,"Quel processus ne fait pas partie des 5 processus Trésorerie définis dans la Norme J.E. ?",3,Transversal,0,
134,mouvement,Mouvement,"Si une Junior cherche à progresser dans un domaine en particulier, je peux la renvoyer vers",0,"Kiwi Légal",0,
134,mouvement,Mouvement,"Si une Junior cherche à progresser dans un domaine en particulier, je peux la renvoyer vers",1,"Le Pôle Audit de la CNJE",0,
134,mouvement,Mouvement,"Si une Junior cherche à progresser dans un domaine en particulier, je peux la renvoyer vers",2,"Le Pôle Conseil de la CNJE",0,
134,mouvement,Mouvement,"Si une Junior cherche à progresser dans un domaine en particulier, je peux la renvoyer vers",3,"Le Pôle Développement de la CNJE",1,
135,mouvement,Mouvement,"Quel est le nombre de Junior dans le mouvement ? (En 2021)",0,"200 Juniors",1,
135,mouvement,Mouvement,"Quel est le nombre de Junior dans le mouvement ? (En 2021)",1,"300 Juniors",0,
135,mouvement,Mouvement,"Quel est le nombre de Junior dans le mouvement ? (En 2021)",2,"450 Juniors",0,
135,mouvement,Mouvement,"Quel est le nombre de Junior dans le mouvement ? (En 2021)",3,"150 Juniors",0,
136,mouvement,Mouvement,"Lequel de ces éléments ne fait pas partie de la stratégie du mouvement des Junior-Entreprises ?",0,"Rassembler les Junior-entrepreneurs en un mouvement acteur",0,
136,mouvement,Mouvement,"Lequel de ces éléments ne fait pas partie de la stratégie du mouvement des Junior-Entreprises ?",1,"Faire des Junior-Entreprises un mouvement moderne, digital et jeune",1,
136,mouvement,Mouvement,"Lequel de ces éléments ne fait pas partie de la stratégie du mouvement des Junior-Entreprises ?",2,"Renforcer la proposition de valeur des Junior-Entreprises",0,
136,mouvement,Mouvement,"Lequel de ces éléments ne fait pas partie de la stratégie du mouvement des Junior-Entreprises ?",3,"Ancrer les Junior-Entreprises comme structures expertes et légitimes",0,
137,mouvement,Mouvement,"Que signifie JEE ?",0,"Junior-Entreprise Europe",1,
137,mouvement,Mouvement,"Que signifie JEE ?",1,"Junior-Entreprise d'Exception",0,
137,mouvement,Mouvement,"Que signifie JEE ?",2,"Junior-Entreprise d'Excellence",0,
137,mouvement,Mouvement,"Que signifie JEE ?",3,"Junior-Entreprise Etrangère",0,
138,mouvement,Mouvement,"Quelle est la date de création de la première Junior",0,1984,0,
138,mouvement,Mouvement,"Quelle est la date de création de la première Junior",1,1967,1,
138,mouvement,Mouvement,"Quelle est la date de création de la première Junior",2,1969,0,
138,mouvement,Mouvement,"Quelle est la date de création de la première Junior",3,1901,0,
139,mouvement,Mouvement,"Quelle est la durée d'un mandat CNJE et quand commence-t-il ?",0,"Un an, du 1er janvier au 31 décembre",0,
139,mouvement,Mouvement,"Quelle est la durée d'un mandat CNJE et quand commence-t-il ?",1,"Un an, du 1er septembre au 31 août de l'année suivante",0,
139,mouvement,Mouvement,"Quelle est la durée d'un mandat CNJE et quand commence-t-il ?",2,"Un an, du 1er juillet au 30 juin de l'année suivante",1,
139,mouvement,Mouvement,"Quelle est la durée d'un mandat CNJE et quand commence-t-il ?",3,"Un an, du 1er mars au 28 février de l'année suivante",0,
140,mouvement,Mouvement,"Quelle est la vision du Mouvement à l'horizon 2024 ?",0,"Enrichir l'expérience client afin de contribuer aux transformations de la société",0,
140,mouvement,Mouvement,"Quelle est la vision du Mouvement à l'horizon 2024 ?",1,"Enrichir l'expérience Junior-Entreprise afin de contribuer aux transformations de la société",1,
140,mouvement,Mouvement,"Quelle est la vision du Mouvement à l'horizon 2024 ?",2,"Enrichir l'expérience intervenant afin de contribuer aux transformations de la société",0,
140,mouvement,Mouvement,"Quelle est la vision du Mouvement à l'horizon 2024 ?",3,"Enrichir l'expérience étudiant afin de contribuer aux transformations de la société",0,
141,mouvement,Mouvement,"Dans ces propositions, quel prix n'est pas présenté au CNE ?",0,"Prix de la Meilleure Approche Commerciale",1,
141,mouvement,Mouvement,"Dans ces propositions, quel prix n'est pas présenté au CNE ?",1,"Meilleur Partenaire de l’Enseignement Supérieur",0,
141,mouvement,Mouvement,"Dans ces propositions, quel prix n'est pas présenté au CNE ?",2,"Prix de la Meilleure Étude en Ingénierie",0,
141,mouvement,Mouvement,"Dans ces propositions, quel prix n'est pas présenté au CNE ?",3,"Prix du meilleur Espoir",0,
142,mouvement,Mouvement,"Combien y a t-il d'AGP (Assemblée Général des Présidents) dans l'année ?",0,5,1,
142,mouvement,Mouvement,"Combien y a t-il d'AGP (Assemblée Général des Présidents) dans l'année ?",1,6,0,
142,mouvement,Mouvement,"Combien y a t-il d'AGP (Assemblée Général des Présidents) dans l'année ?",2,3,0,
142,mouvement,Mouvement,"Combien y a t-il d'AGP (Assemblée Général des Présidents) dans l'année ?",3,4,0,
143,mouvement,Mouvement,"Que signifie AGP ?",0,"Assemblé Générale Partielle",0,
143,mouvement,Mouvement,"Que signifie AGP ?",1,"Assemblée Globale des Présidents",0,
143,mouvement,Mouvement,"Que signifie AGP ?",2,"Assemblée Générale Permanente",0,
143,mouvement,Mouvement,"Que signifie AGP ?",3,"Assemblée Générale des Présidents",1,
144,mouvement,Mouvement,"Qu'est-ce que la L30 ?",0,"Liste des 30 meilleurs Auditeurs-Conseil du mouvement",0,
144,mouvement,Mouvement,"Qu'est-ce que la L30 ?",1,"Liste des 30 meilleurs Junior-Entreprises du mouvement",1,
144,mouvement,Mouvement,"Qu'est-ce que la L30 ?",2,"Liste des 30 meilleurs études du mouvement",0,
144,mouvement,Mouvement,"Qu'est-ce que la L30 ?",3,"Liste des 30 meilleurs projets du mouvement",0,
145,mouvement,Mouvement,"Quel risque n'a pas été utilisé pour construire les Normes CNJE ?",0,"Opérationnels",0,
145,mouvement,Mouvement,"Quel risque n'a pas été utilisé pour construire les Normes CNJE ?",1,"Légaux",0,
145,mouvement,Mouvement,"Quel risque n'a pas été utilisé pour construire les Normes CNJE ?",2,Financiers,0,
145,mouvement,Mouvement,"Quel risque n'a pas été utilisé pour construire les Normes CNJE ?",3,"Comptabilité",1,
146,mouvement,Mouvement,"Quel est le pays avec le plus de Junior-Entreprise ?",0,Etats-Unis,0,
146,mouvement,Mouvement,"Quel est le pays avec le plus de Junior-Entreprise ?",1,Allemagne,0,
146,mouvement,Mouvement,"Quel est le pays avec le plus de Junior-Entreprise ?",2,Bresil,1,
146,mouvement,Mouvement,"Quel est le pays avec le plus de Junior-Entreprise ?",3,France,0,
147,mouvement,Mouvement,"Combien y a-t-il de WEFA chaque année ? Quand ?",0,"Deux : le WEFAP en mars et le WEFAA en novembre",0,
147,mouvement,Mouvement,"Combien y a-t-il de WEFA chaque année ? Quand ?",1,"Quatre : le WEFAH, le WEFAP, le WEFAE et le WEFAA",0,
147,mouvement,Mouvement,"Combien y a-t-il de WEFA chaque année ? Quand ?",2,"Aucune des trois réponses",0,
147,mouvement,Mouvement,"Combien y a-t-il de WEFA chaque année ? Quand ?",3,"Deux : le WEFAH en janvier et le WEFAE en juin",1,
148,mouvement,Mouvement,"Les MDD sont ?",0,"Réalisé par des Formateurs CNJE",0,
148,mouvement,Mouvement,"Les MDD sont ?",1,"Des formations personnalisées pour chaque Junior qui le demande",0,
148,mouvement,Mouvement,"Les MDD sont ?",2,Gratuits,0,
148,mouvement,Mouvement,"Les MDD sont ?",3,"Les 3 réponses précédentes.",1,
149,mouvement,Mouvement,"Quelle est le document qui défini les critères pour être Junior-Entreprise ?",0,"Aucun document ne formalise ces critères",0,
149,mouvement,Mouvement,"Quelle est le document qui défini les critères pour être Junior-Entreprise ?",1,"RI CNJE",0,
149,mouvement,Mouvement,"Quelle est le document qui défini les critères pour être Junior-Entreprise ?",2,"Statut CNJE",0,
149,mouvement,Mouvement,"Quelle est le document qui défini les critères pour être Junior-Entreprise ?",3,"Norme JE",1,
150,clr,CLR,"Quel est le principal risque juridique qu'une Junior-Entreprise cherche à éviter en s'assurant de l'absence de lien de subordination avec ses intervenants ?",0,"La requalification de la prestation en mission de conseil non autorisée.",0,"Le caractère pédagogique et le lien avec les enseignements préviennent ce risque, qui est distinct de la nature de la relation avec l'étudiant."
150,clr,CLR,"Quel est le principal risque juridique qu'une Junior-Entreprise cherche à éviter en s'assurant de l'absence de lien de subordination avec ses intervenants ?",1,"La requalification de la relation en contrat de travail.",1,"KiwiLegal insiste sur le fait que la présence d'un lien de subordination est le critère principal qui pourrait mener les URSSAF à requalifier la mission en salariat, avec de lourdes conséquences financières."
150,clr,CLR,"Quel est le principal risque juridique qu'une Junior-Entreprise cherche à éviter en s'assurant de l'absence de lien de subordination avec ses intervenants ?",2,"Une remise en cause de son statut d'association loi 1901.",0,"Le statut d'association n'est pas directement menacé, mais c'est le régime dérogatoire spécifique aux associations pédagogiques qui serait remis en cause."
150,clr,CLR,"Quel est le principal risque juridique qu'une Junior-Entreprise cherche à éviter en s'assurant de l'absence de lien de subordination avec ses intervenants ?",3,"Une amende pour concurrence déloyale envers les cabinets de conseil.",0,"La concurrence déloyale est un autre sujet. Le risque lié au lien de subordination est interne à la relation entre la Junior et l'étudiant, et concerne le droit social."
151,clr,CLR,"Que signifie le principe de 'gestion désintéressée' pour une Junior-Entreprise ?",0,"Que les membres ne doivent jamais être rétribués pour leur travail.",0,"Les dirigeants peuvent être rétribués sous certaines conditions. Le principe concerne surtout le non-partage des bénéfices et le but non lucratif."
151,clr,CLR,"Que signifie le principe de 'gestion désintéressée' pour une Junior-Entreprise ?",1,"Que la Junior ne doit pas chercher à réaliser de bénéfices.",0,"Une Junior peut et doit souvent viser un résultat positif pour assurer sa pérennité. La gestion désintéressée signifie que ces bénéfices ne doivent pas être distribués aux membres."
151,clr,CLR,"Que signifie le principe de 'gestion désintéressée' pour une Junior-Entreprise ?",2,"Que les bénéfices ne sont pas partagés entre les membres et doivent être réinvestis.",1,"Ce principe, fondamental pour les associations loi 1901, implique que l'objectif n'est pas l'enrichissement personnel des membres. Les excédents doivent servir le projet associatif."
151,clr,CLR,"Que signifie le principe de 'gestion désintéressée' pour une Junior-Entreprise ?",3,"Que les études doivent être réalisées à prix coûtant pour les clients.",0,"La Junior facture ses prestations à un prix de marché pour financer son fonctionnement, la formation de ses membres et sa pérennité, ce qui est compatible avec la gestion désintéressée."
152,clr,CLR,"Quel terme doit être utilisé par une Junior-Entreprise pour qualifier la somme versée à un étudiant en contrepartie de sa participation à une étude ?",0,Salaire,0,"Le terme 'salaire' est strictement lié au contrat de travail et à un lien de subordination, ce que les Juniors doivent absolument éviter."
152,clr,CLR,"Quel terme doit être utilisé par une Junior-Entreprise pour qualifier la somme versée à un étudiant en contrepartie de sa participation à une étude ?",1,"Rémunération",0,"Bien que courant, le terme 'rémunération' est également trop proche du monde du salariat. La documentation préconise un terme plus spécifique au cadre associatif et pédagogique."
152,clr,CLR,"Quel terme doit être utilisé par une Junior-Entreprise pour qualifier la somme versée à un étudiant en contrepartie de sa participation à une étude ?",2,"Rétribution ou indemnité d'engagement associatif",1,"KiwiLegal insiste sur l'importance d'utiliser des termes comme 'rétribution' ou, plus récemment, 'indemnité d’engagement associatif' pour marquer la distinction avec le salariat."
152,clr,CLR,"Quel terme doit être utilisé par une Junior-Entreprise pour qualifier la somme versée à un étudiant en contrepartie de sa participation à une étude ?",3,Honoraires,0,"Sur le plan fiscal (pour la déclaration de revenus de l'étudiant et la DAS2), ces sommes sont considérées comme des honoraires. Cependant, dans la communication et les documents internes, le terme 'rétribution' est préféré pour décrire la relation."
153,clr,CLR,"Quelle affirmation concernant le statut juridique des Junior-Entreprises est correcte ?",0,"Elles sont des Sociétés par Actions Simplifiées (SAS) à but non lucratif.",0,"Les Juniors ne sont pas des sociétés commerciales. KiwiLegal précise qu'il ne faut jamais mentionner le Registre du Commerce et des Sociétés (RCS)."
153,clr,CLR,"Quelle affirmation concernant le statut juridique des Junior-Entreprises est correcte ?",1,"Elles sont des associations de loi 1901 à caractère pédagogique.",1,"La documentation (KiwiLegal, etc.) définit systématiquement la Junior-Entreprise comme une association loi 1901 bénéficiant d'un statut dérogatoire en raison de son caractère pédagogique."
153,clr,CLR,"Quelle affirmation concernant le statut juridique des Junior-Entreprises est correcte ?",2,"Elles sont des auto-entreprises collectives gérées par des étudiants.",0,"Le statut d'auto-entrepreneur est un statut d'entreprise individuelle, incompatible avec la structure collective et associative d'une Junior."
153,clr,CLR,"Quelle affirmation concernant le statut juridique des Junior-Entreprises est correcte ?",3,"Elles sont des Établissements Publics à caractère Industriel et Commercial (EPIC).",0,"Ce statut relève du droit public et ne correspond absolument pas à la nature juridique d'une Junior-Entreprise, qui est une entité de droit privé."
154,clr,CLR,"En cas de contrôle URSSAF, quel document principal permet de prouver le caractère pédagogique d'une étude ?",0,"Le rapport d'activité annuel de la Junior-Entreprise.",0,"Le rapport d'activité est un document de synthèse global, l'URSSAF demandera des preuves spécifiques à chaque étude contrôlée."
154,clr,CLR,"En cas de contrôle URSSAF, quel document principal permet de prouver le caractère pédagogique d'une étude ?",1,"La facture finale envoyée au client.",0,"La facture est une pièce comptable qui atteste de la transaction financière mais ne donne que peu d'informations sur le contenu et la nature pédagogique de la mission."
154,clr,CLR,"En cas de contrôle URSSAF, quel document principal permet de prouver le caractère pédagogique d'une étude ?",2,"Les documents d'étude, notamment la Convention d'Étude et le livrable.",1,"KiwiLegal précise que la Convention d'Étude, qui détaille la méthodologie, et le livrable, qui montre le travail effectué, sont les preuves du lien avec les enseignements et de la nature de l'étude."
154,clr,CLR,"En cas de contrôle URSSAF, quel document principal permet de prouver le caractère pédagogique d'une étude ?",3,"Le Bulletin de Versement de l'intervenant.",0,"Le BV est la preuve du paiement et du calcul des cotisations sociales, mais il ne justifie pas le caractère pédagogique du travail pour lequel la rétribution a été versée."
155,clr,CLR,"Lorsqu'une Junior négocie un contrat avec un client, quelle clause doit-elle refuser ou faire modifier si elle apparaît ?",0,"Une clause de confidentialité sur les données de l'étude.",0,"Les clauses de confidentialité sont standards et légitimes. La Junior doit simplement s'assurer qu'elles n'empêchent pas ses obligations légales d'archivage."
155,clr,CLR,"Lorsqu'une Junior négocie un contrat avec un client, quelle clause doit-elle refuser ou faire modifier si elle apparaît ?",1,"Une clause mentionnant le Tribunal de Commerce comme juridiction compétente.",1,"KiwiLegal alerte sur ce point : une Junior étant une association civile, elle ne relève pas du Tribunal de Commerce. Mentionner ce tribunal pourrait être interprété comme une reconnaissance d'une activité commerciale."
155,clr,CLR,"Lorsqu'une Junior négocie un contrat avec un client, quelle clause doit-elle refuser ou faire modifier si elle apparaît ?",2,"Une clause de pénalités en cas de retard de livraison.",0,"Les pénalités de retard sont négociables et peuvent faire partie du contrat. Ce n'est pas une clause à refuser par principe, mais à négocier attentivement."
155,clr,CLR,"Lorsqu'une Junior négocie un contrat avec un client, quelle clause doit-elle refuser ou faire modifier si elle apparaît ?",3,"Une clause définissant les modalités de paiement en plusieurs fois.",0,"Un échéancier de paiement est une pratique commerciale courante et tout à fait acceptable pour une Junior-Entreprise."
156,clr,CLR,"Selon la Norme Organisationnelle 2025, une Junior-Entreprise doit avoir une 'approche processus'. Qu'est-ce que cela implique ?",0,"Documenter chaque action individuelle de chaque membre.",0,"L'approche processus se concentre sur les enchaînements d'activités pour produire un résultat, pas sur le suivi individuel de chaque tâche."
156,clr,CLR,"Selon la Norme Organisationnelle 2025, une Junior-Entreprise doit avoir une 'approche processus'. Qu'est-ce que cela implique ?",1,"Identifier, maîtriser et améliorer les enchaînements d'activités qui créent de la valeur.",1,"C'est la définition même de l'approche processus : considérer la structure comme un ensemble de processus interconnectés (commercial, suivi d'étude, trésorerie...) à optimiser."
156,clr,CLR,"Selon la Norme Organisationnelle 2025, une Junior-Entreprise doit avoir une 'approche processus'. Qu'est-ce que cela implique ?",2,"Suivre des procédures strictes et non modifiables définies par la CNJE.",0,"La CNJE donne un cadre, mais l'approche processus implique que chaque Junior adapte et améliore ses propres processus en fonction de sa stratégie et de ses performances."
156,clr,CLR,"Selon la Norme Organisationnelle 2025, une Junior-Entreprise doit avoir une 'approche processus'. Qu'est-ce que cela implique ?",3,"Organiser la structure uniquement par pôles de compétences (Qualité, Trésorerie, etc.).",0,"L'organisation en pôles est une structure fonctionnelle. L'approche processus est transversale et s'intéresse à la manière dont ces pôles collaborent pour réaliser une mission de bout en bout."
157,clr,CLR,"Une étude est considérée comme ayant un caractère pédagogique si elle remplit plusieurs conditions. Laquelle n'en fait PAS partie ?",0,"L'étude se base sur au moins un enseignement présent dans le syllabus de l'établissement.",0,"C'est une condition fondamentale, citée dans KiwiLegal, pour justifier la nature de l'activité de la Junior-Entreprise."
157,clr,CLR,"Une étude est considérée comme ayant un caractère pédagogique si elle remplit plusieurs conditions. Laquelle n'en fait PAS partie ?",1,"L'étude est approuvée par un professeur référent de l'établissement.",1,"Bien que ce soit une bonne pratique pour certaines Juniors, ce n'est pas une obligation légale ou réglementaire listée dans les critères officiels pour définir le caractère pédagogique."
157,clr,CLR,"Une étude est considérée comme ayant un caractère pédagogique si elle remplit plusieurs conditions. Laquelle n'en fait PAS partie ?",2,"L'étude permet aux intervenants de mettre en pratique les enseignements associés.",0,"C'est l'essence même du modèle Junior-Entreprise : l'application pratique des connaissances théoriques, comme le rappelle KiwiLegal."
157,clr,CLR,"Une étude est considérée comme ayant un caractère pédagogique si elle remplit plusieurs conditions. Laquelle n'en fait PAS partie ?",3,"L'étude mène à la production d'un livrable adapté au client.",0,"Cette condition, mentionnée dans KiwiLegal, assure que l'étude est un travail concret, structuré et professionnalisant, et non un simple exercice théorique."
158,clr,CLR,"Quel document formalise l'accord entre la Junior-Entreprise et l'étudiant intervenant sur une mission ?",0,"La Convention d'Étude.",0,"La Convention d'Étude est le contrat principal qui lie la Junior-Entreprise et son client."
158,clr,CLR,"Quel document formalise l'accord entre la Junior-Entreprise et l'étudiant intervenant sur une mission ?",1,"Le Procès-Verbal de Recette (PVR).",0,"Le PVR est un document signé avec le client pour valider la conformité du travail livré à la fin de la mission."
158,clr,CLR,"Quel document formalise l'accord entre la Junior-Entreprise et l'étudiant intervenant sur une mission ?",2,"Le Récapitulatif de Mission (RM).",1,"Le Récapitulatif de Mission est le document contractuel qui définit le cadre de l'intervention de l'étudiant : mission, durée, nombre de JEH, montant de la rétribution, etc."
158,clr,CLR,"Quel document formalise l'accord entre la Junior-Entreprise et l'étudiant intervenant sur une mission ?",3,"Le Bulletin de Versement (BV).",0,"Le BV est le 'bulletin de paie' de l'intervenant, émis après la mission pour justifier le versement de la rétribution. L'accord initial se fait sur un autre document."
159,clr,CLR,"Que doit faire une Junior si un client lui demande de détruire tous les documents d'étude après la mission, y compris la Convention d'Étude, pour des raisons de confidentialité ?",0,"Obéir à la demande du client pour maintenir une bonne relation commerciale.",0,"Les obligations légales de la Junior priment sur les demandes contractuelles du client en matière de conservation de documents."
159,clr,CLR,"Que doit faire une Junior si un client lui demande de détruire tous les documents d'étude après la mission, y compris la Convention d'Étude, pour des raisons de confidentialité ?",1,"Informer le client que la loi impose une durée de conservation minimale pour ces documents.",1,"KiwiLegal indique qu'il faut expliquer au client que les documents d'étude doivent être conservés (5 ans recommandés) pour des raisons légales, notamment pour prouver la nature de la prestation en cas de contrôle."
159,clr,CLR,"Que doit faire une Junior si un client lui demande de détruire tous les documents d'étude après la mission, y compris la Convention d'Étude, pour des raisons de confidentialité ?",2,"Détruire les documents mais conserver une copie numérique sur un serveur sécurisé.",0,"Le principe est de refuser la destruction. Il faut informer le client de l'obligation légale, pas la contourner."
159,clr,CLR,"Que doit faire une Junior si un client lui demande de détruire tous les documents d'étude après la mission, y compris la Convention d'Étude, pour des raisons de confidentialité ?",3,"Demander une autorisation spéciale à la CNJE pour détruire les documents.",0,"La CNJE ne peut pas autoriser une Junior à déroger à ses obligations légales de conservation."
160,clr,CLR,"Une Junior-Entreprise peut-elle rétribuer un intervenant qui n'est plus étudiant au moment du paiement ?",0,"Non, l'intervenant doit avoir le statut d'étudiant le jour du virement.",0,"La règle est plus souple et se base sur le statut de l'étudiant pendant une période clé."
160,clr,CLR,"Une Junior-Entreprise peut-elle rétribuer un intervenant qui n'est plus étudiant au moment du paiement ?",1,"Oui, à condition qu'il ait eu le statut d'étudiant pendant toute la durée de validité de son Récapitulatif de Mission.",1,"La FAQ de KiwiLegal est claire sur ce point : ce qui compte est le statut d'étudiant pendant la mission (période de validité du RM), même si le paiement intervient après la perte de ce statut."
160,clr,CLR,"Une Junior-Entreprise peut-elle rétribuer un intervenant qui n'est plus étudiant au moment du paiement ?",2,"Non, car cela serait considéré comme du travail dissimulé.",0,"Le cadre légal de la Junior-Entreprise autorise ce cas de figure, car la prestation a été réalisée lorsque la personne avait le statut requis."
160,clr,CLR,"Une Junior-Entreprise peut-elle rétribuer un intervenant qui n'est plus étudiant au moment du paiement ?",3,"Oui, mais uniquement dans les 3 mois qui suivent la fin de ses études.",0,"Il n'y a pas de délai fixe de 3 mois ; la seule condition est que l'étudiant ait eu le statut requis pendant la réalisation de sa mission."
161,clr,CLR,"Un des 'faisceaux du salariat' à éviter est la fourniture de travail. Comment une Junior-Entreprise doit-elle se positionner pour ne pas tomber dans ce cas ?",0,"En laissant l'étudiant se débrouiller seul, sans lui fournir aucun outil ou ressource.",0,"Au contraire, KiwiLegal précise que la JE ne doit pas laisser l'étudiant démuni et doit mettre à sa disposition les ressources nécessaires. Ne pas le faire serait une faute."
161,clr,CLR,"Un des 'faisceaux du salariat' à éviter est la fourniture de travail. Comment une Junior-Entreprise doit-elle se positionner pour ne pas tomber dans ce cas ?",1,"En imposant des horaires de travail stricts et un lieu de travail obligatoire.",0,"Ceci caractérise un lien de subordination très fort et est précisément ce qu'il faut éviter. L'étudiant doit rester autonome dans son organisation."
161,clr,CLR,"Un des 'faisceaux du salariat' à éviter est la fourniture de travail. Comment une Junior-Entreprise doit-elle se positionner pour ne pas tomber dans ce cas ?",2,"En collaborant avec l'intervenant pour réaliser une prestation, sans donner d'ordres directs.",1,"La limite est la collaboration : la JE encadre la mission (via le CdC), fournit les moyens, mais l'étudiant reste autonome dans l'exécution, évitant ainsi un lien de subordination direct."
161,clr,CLR,"Un des 'faisceaux du salariat' à éviter est la fourniture de travail. Comment une Junior-Entreprise doit-elle se positionner pour ne pas tomber dans ce cas ?",3,"En faisant signer à l'étudiant une décharge de responsabilité.",0,"Un document ne peut pas changer la nature réelle d'une relation. Si un lien de subordination existe dans les faits, une décharge n'a aucune valeur juridique pour l'écarter."
162,clr,CLR,"Dans un Récapitulatif de Mission (RM), que doit-on s'assurer concernant le nombre de JEH ?",0,"Le nombre de JEH doit être inférieur à 10 pour ne pas être requalifié en contrat de travail.",0,"Il n'existe pas de limite de 10 JEH par mission ; le nombre de JEH doit être cohérent avec la charge de travail."
162,clr,CLR,"Dans un Récapitulatif de Mission (RM), que doit-on s'assurer concernant le nombre de JEH ?",1,"La somme des JEH de tous les RM d'une étude doit être égale au nombre total de JEH budgété dans la Convention d'Étude.",1,"KiwiLegal souligne cette règle de cohérence : le total des JEH répartis entre les intervenants doit correspondre précisément au nombre de JEH vendu au client."
162,clr,CLR,"Dans un Récapitulatif de Mission (RM), que doit-on s'assurer concernant le nombre de JEH ?",2,"Chaque intervenant ne peut pas se voir attribuer plus de JEH que le chef de projet.",0,"Il n'y a pas de règle de ce type. Un intervenant avec une forte charge de travail technique peut avoir plus de JEH que le chef de projet dont le rôle est la coordination."
162,clr,CLR,"Dans un Récapitulatif de Mission (RM), que doit-on s'assurer concernant le nombre de JEH ?",3,"Le nombre de JEH doit être validé par l'URSSAF avant le début de la mission.",0,"La définition du nombre de JEH est de la responsabilité de la Junior et se fait en accord avec l'étudiant. L'URSSAF peut contrôler a posteriori la cohérence, mais ne valide pas en amont."
163,clr,CLR,"Que se passe-t-il si un seul des quatre 'faisceaux du salariat' est caractérisé dans la relation entre une Junior et un intervenant ?",0,"La relation est automatiquement requalifiée en contrat de travail.",0,"La jurisprudence considère qu'il faut un ensemble d'indices concordants. Un seul faisceau est rarement suffisant."
163,clr,CLR,"Que se passe-t-il si un seul des quatre 'faisceaux du salariat' est caractérisé dans la relation entre une Junior et un intervenant ?",1,"Il n'y a pas de risque de requalification, car trois des quatre faisceaux peuvent avoir des équivalences en Junior-Entreprise.",1,"KiwiLegal explique que des équivalences existent pour la prestation, la 'rémunération' (rétribution) et le 'contrat' (RM). Le risque majeur vient du 4ème faisceau : le lien de subordination, qui lui doit être évité."
163,clr,CLR,"Que se passe-t-il si un seul des quatre 'faisceaux du salariat' est caractérisé dans la relation entre une Junior et un intervenant ?",2,"La Junior doit payer des pénalités à la CNJE.",0,"La sanction en cas de requalification viendrait de l'URSSAF et des Prud'hommes, pas de la CNJE, bien que cela constituerait un manquement grave aux règles du Mouvement."
163,clr,CLR,"Que se passe-t-il si un seul des quatre 'faisceaux du salariat' est caractérisé dans la relation entre une Junior et un intervenant ?",3,"La Junior doit immédiatement cesser la mission.",0,"Le risque est une requalification a posteriori. Le plus important est de s'assurer en amont et pendant la mission que le lien de subordination n'est pas caractérisé."
164,clr,CLR,"Comment la CNJE s'assure-t-elle que les structures de son Mouvement respectent la Norme ?",0,"En exigeant un rapport mensuel d'activité de chaque Junior.",0,"Le suivi n'est pas mensuel et ne se base pas uniquement sur un rapport d'activité, mais sur une vérification approfondie."
164,clr,CLR,"Comment la CNJE s'assure-t-elle que les structures de son Mouvement respectent la Norme ?",1,"Par une campagne annuelle d'Audits-Conseil.",1,"La Norme 2025 précise que le respect de la Norme est évalué lors de la campagne annuelle d'Audits-Conseil, ce qui garantit le gage de qualité de la marque."
164,clr,CLR,"Comment la CNJE s'assure-t-elle que les structures de son Mouvement respectent la Norme ?",2,"En plaçant un représentant de la CNJE dans chaque Conseil d'Administration.",0,"Les Juniors sont des associations autonomes. La CNJE n'intervient pas directement dans leur gouvernance."
164,clr,CLR,"Comment la CNJE s'assure-t-elle que les structures de son Mouvement respectent la Norme ?",3,"En se basant uniquement sur la confiance et la déclaration sur l'honneur des dirigeants.",0,"La confiance est présente, mais elle est complétée par un processus de vérification objectif et structuré pour maintenir un haut niveau de qualité dans tout le réseau."
165,clr,CLR,"En matière de restriction des accès aux archives, quelle est la bonne pratique préconisée par la CNJE ?",0,"Donner l'accès à tous les membres du Conseil d'Administration pour plus de transparence.",0,"La transparence ne doit pas se faire au détriment de la confidentialité et de la sécurité des données. La règle est de limiter les accès."
165,clr,CLR,"En matière de restriction des accès aux archives, quelle est la bonne pratique préconisée par la CNJE ?",1,"Restreindre les accès au strict nécessaire, c'est-à-dire à une ou deux personnes de la Junior.",1,"KiwiLegal est très clair sur ce point, en raison des données personnelles et confidentielles contenues dans les archives, il est impératif de restreindre les accès au minimum."
165,clr,CLR,"En matière de restriction des accès aux archives, quelle est la bonne pratique préconisée par la CNJE ?",2,"Donner l'accès à toute personne en faisant la demande écrite au Président.",0,"Cela ouvrirait la porte à des accès non justifiés. Le principe est celui du 'besoin d'en connaître', qui est très limité pour les archives."
165,clr,CLR,"En matière de restriction des accès aux archives, quelle est la bonne pratique préconisée par la CNJE ?",3,"Stocker les archives sur un drive partagé accessible à tous les membres actuels de la Junior.",0,"C'est précisément le contraire de la bonne pratique. Un tel partage large des archives créerait un risque majeur en matière de confidentialité et de RGPD."
166,clr,CLR,"Quel est le but de la lettre de Bérégovoy de 1984 ?",0,"Créer le statut de Junior-Entreprise.",0,"Le Mouvement est antérieur à 1984. Cette lettre est venue clarifier un point fiscal spécifique, pas créer le statut."
166,clr,CLR,"Quel est le but de la lettre de Bérégovoy de 1984 ?",1,"Prouver que les rétributions des intervenants sont fiscalement des honoraires et non des salaires.",1,"KiwiLegal explique que la DAS2, conformément à cette lettre, permet de prouver la nature fiscale des rétributions comme étant des honoraires, ce qui est cohérent avec le statut de non-employeur."
166,clr,CLR,"Quel est le but de la lettre de Bérégovoy de 1984 ?",2,"Fixer le plafond de rétribution par JEH.",0,"Le plafond de rétribution est lié aux règles de la Sécurité Sociale, pas à cette lettre ministérielle qui concerne la fiscalité."
166,clr,CLR,"Quel est le but de la lettre de Bérégovoy de 1984 ?",3,"Exonérer les Junior-Entreprises d'Impôt sur les Sociétés.",0,"Les Junior-Entreprises ne sont pas systématiquement exonérées d'IS. Cette lettre traite de la nature des revenus des étudiants, pas de l'imposition de la structure elle-même."
167,clr,CLR,"Quel est le risque si la somme totale des rétributions attribuées à un intervenant sur une année dépasse les ¾ du SMIC annuel ?",0,"La Junior doit payer une taxe supplémentaire à la CNJE.",0,"Les sanctions en cas de non-respect de cette règle ne sont pas des taxes versées à la CNJE, mais un risque de requalification par l'URSSAF."
167,clr,CLR,"Quel est le risque si la somme totale des rétributions attribuées à un intervenant sur une année dépasse les ¾ du SMIC annuel ?",1,"Le caractère accessoire des rétributions peut être remis en cause.",1,"Le Code de la Déontologie mentionne cette limite pour 'respecter le caractère accessoire de rétributions reçues'. Un dépassement pourrait être un indice de travail dissimulé."
167,clr,CLR,"Quel est le risque si la somme totale des rétributions attribuées à un intervenant sur une année dépasse les ¾ du SMIC annuel ?",2,"L'intervenant perd son statut d'étudiant.",0,"Le statut d'étudiant est lié à l'inscription dans un établissement d'enseignement supérieur, pas aux revenus perçus en Junior-Entreprise."
167,clr,CLR,"Quel est le risque si la somme totale des rétributions attribuées à un intervenant sur une année dépasse les ¾ du SMIC annuel ?",3,"La Junior perd le droit de bénéficier de l'assiette forfaitaire pour cet intervenant.",0,"Le bénéfice de l'assiette forfaitaire est lié au plafond par JEH (et d'autres conditions), pas directement à ce seuil annuel qui vise à garantir le caractère d'activité d'appoint."
168,clr,CLR,"Que doit contenir le paragraphe 'Collaboration' des Conditions Générales de l'Étude (CGE) pour protéger la Junior-Entreprise ?",0,"L'engagement ferme du chef de projet et des intervenants à rester sur la mission jusqu'à son terme.",0,"Imposer un tel engagement pourrait être vu comme un élément de subordination. La solution est de prévoir le cas où ils partent."
168,clr,CLR,"Que doit contenir le paragraphe 'Collaboration' des Conditions Générales de l'Étude (CGE) pour protéger la Junior-Entreprise ?",1,"La possibilité pour les intervenants de se retirer de la mission, et l'engagement de la JE à assurer la continuité.",1,"KiwiLegal indique qu'un paragraphe a été ajouté aux CGE pour informer le client que les étudiants peuvent se retirer, et que la Junior s'engage à trouver des solutions, protégeant ainsi le modèle non-salarial."
168,clr,CLR,"Que doit contenir le paragraphe 'Collaboration' des Conditions Générales de l'Étude (CGE) pour protéger la Junior-Entreprise ?",2,"Des pénalités financières pour le client s'il ne collabore pas assez avec l'équipe projet.",0,"Bien que le devoir de collaboration du client soit important, le paragraphe spécifique mentionné dans KiwiLegal concerne la relation entre la JE et ses étudiants."
168,clr,CLR,"Que doit contenir le paragraphe 'Collaboration' des Conditions Générales de l'Étude (CGE) pour protéger la Junior-Entreprise ?",3,"L'obligation pour le client de fournir un espace de travail dédié aux intervenants.",0,"Ce n'est pas une obligation générale et ne concerne pas le point spécifique de la protection du statut des intervenants."
169,clr,CLR,"Pour quelle raison est-il inexact, en plus d'être dangereux, d'utiliser des termes rattachés au monde du travail pour définir l'activité des intervenants ?",0,"Parce que cela retire aux intervenants les droits que des salariés auraient.",1,"KiwiLegal soulève ce point éthique : utiliser le vocabulaire du salariat sans en offrir les protections (congés payés, etc.) serait une 'escroquerie au droit de l'étudiant'."
169,clr,CLR,"Pour quelle raison est-il inexact, en plus d'être dangereux, d'utiliser des termes rattachés au monde du travail pour définir l'activité des intervenants ?",1,"Parce que les clients pourraient alors exiger une qualité de travail professionnelle.",0,"Les clients sont en droit d'attendre un travail de qualité, quel que soit le vocabulaire utilisé. Le discours doit rester transparent sur le statut étudiant, mais l'exigence de qualité demeure."
169,clr,CLR,"Pour quelle raison est-il inexact, en plus d'être dangereux, d'utiliser des termes rattachés au monde du travail pour définir l'activité des intervenants ?",2,"Parce que cela pourrait entraîner des poursuites pour usurpation de titre.",0,"Le risque n'est pas l'usurpation de titre (ex: 'consultant' n'est pas un titre protégé), mais la requalification de la relation de travail."
169,clr,CLR,"Pour quelle raison est-il inexact, en plus d'être dangereux, d'utiliser des termes rattachés au monde du travail pour définir l'activité des intervenants ?",3,"Parce que le Code de la Déontologie du Mouvement l'interdit formellement.",0,"Le Code de la Déontologie et les textes légaux poussent à ne pas le faire, mais la raison de fond est la protection de l'étudiant et du modèle, comme expliqué dans KiwiLegal."
170,clr,CLR,"Quelle est la règle concernant le taux d'ouverture en Junior-Entreprise ?",0,"Il doit être supérieur à 50% pour assurer une bonne dynamique.",0,"Il n'y a pas de seuil chiffré imposé pour le taux d'ouverture. L'important est que la participation soit possible."
170,clr,CLR,"Quelle est la règle concernant le taux d'ouverture en Junior-Entreprise ?",1,"Les Junior-Entreprises doivent respecter un taux d'ouverture pour éviter une requalification en contrat de travail.",1,"KiwiLegal mentionne que le respect du taux d'ouverture est un des piliers de la gestion désintéressée, visant à assurer que la JE n'est pas un cercle fermé de 'salariés' déguisés."
170,clr,CLR,"Quelle est la règle concernant le taux d'ouverture en Junior-Entreprise ?",2,"Le taux d'ouverture ne concerne que les membres du Conseil d'Administration.",0,"Le taux d'ouverture concerne la possibilité pour l'ensemble des étudiants de l'école de participer aux études, pas seulement la gouvernance."
170,clr,CLR,"Quelle est la règle concernant le taux d'ouverture en Junior-Entreprise ?",3,"C'est un indicateur de performance commerciale qui mesure le nombre de prospects ouverts.",0,"Dans le contexte JE, le 'taux d'ouverture' est un concept de gouvernance et de participation, pas un indicateur commercial."
171,clr,CLR,"Pour quelle raison une Junior doit-elle éviter de se présenter comme un 'cabinet de conseil' ?",0,"Pour des raisons de modestie, car les membres sont encore étudiants.",0,"La raison est avant tout juridique et statutaire, pas une question de modestie. Il s'agit de protéger le modèle."
171,clr,CLR,"Pour quelle raison une Junior doit-elle éviter de se présenter comme un 'cabinet de conseil' ?",1,"Car le terme 'cabinet de conseil' est une marque déposée par une autre organisation.",0,"Ce n'est pas une question de marque déposée, mais de la nature de l'activité que ce terme implique."
171,clr,CLR,"Pour quelle raison une Junior doit-elle éviter de se présenter comme un 'cabinet de conseil' ?",2,"Pour éviter d'être assimilée à une structure commerciale qui emploie des salariés, ce qui contredit son statut.",1,"KiwiLegal insiste : 'On ne dira plus « cabinet de conseil » [...] ou tout autre organisme qui emploie des salariés.' L'objectif est de marquer la différence avec le modèle salarial."
171,clr,CLR,"Pour quelle raison une Junior doit-elle éviter de se présenter comme un 'cabinet de conseil' ?",3,"Car cela obligerait la Junior à appliquer les tarifs de la convention collective des bureaux d'études techniques (SYNTEC).",0,"N'étant pas employeur et n'ayant pas de salariés, la Junior n'est pas soumise à une convention collective. Le changement de vocabulaire vise justement à renforcer cette position."
172,clr,CLR,"Quel document clôture formellement une étude du point de vue du client et atteste de la bonne exécution de la prestation ?",0,"Le Bulletin de Versement (BV).",0,"Le BV est un document interne à la Junior, qui concerne le paiement de l'intervenant. Il n'est pas destiné au client."
172,clr,CLR,"Quel document clôture formellement une étude du point de vue du client et atteste de la bonne exécution de la prestation ?",1,"La facture finale.",0,"La facture est un document financier qui demande le paiement. La validation de la prestation se fait sur un autre document, qui déclenche souvent l'envoi de la facture."
172,clr,CLR,"Quel document clôture formellement une étude du point de vue du client et atteste de la bonne exécution de la prestation ?",2,"Le Procès-Verbal de Recette (PVR).",1,"Le PVR est le document signé par la Junior et le client qui formalise la réception des livrables et atteste que la mission a été réalisée conformément à la Convention d'Étude."
172,clr,CLR,"Quel document clôture formellement une étude du point de vue du client et atteste de la bonne exécution de la prestation ?",3,"Le Récapitulatif de Mission (RM).",0,"Le RM est signé au début de la mission entre la Junior et l'intervenant, il ne concerne pas directement le client et ne valide pas la fin des travaux."
173,tresorerie,"Trésorerie","Selon les normes de la CNJE, quel est le principe fondamental pour l'organisation du pôle trésorerie afin d'assurer la protection de la structure ?",0,"L'intervention d'au moins deux personnes utilisant des outils séparés.",1,"Le contrôle interne en trésorerie se matérialise par la séparation des tâches et des outils, impliquant au minimum deux intervenants pour prévenir les risques."
173,tresorerie,"Trésorerie","Selon les normes de la CNJE, quel est le principe fondamental pour l'organisation du pôle trésorerie afin d'assurer la protection de la structure ?",1,"La nomination d'un trésorier unique ayant tous les accès pour plus d'efficacité.",0,"Centraliser tous les accès sur une seule personne est contraire au principe de contrôle interne, car cela augmente considérablement les risques d'erreurs ou de fraude."
173,tresorerie,"Trésorerie","Selon les normes de la CNJE, quel est le principe fondamental pour l'organisation du pôle trésorerie afin d'assurer la protection de la structure ?",2,"L'utilisation d'un seul logiciel de gestion partagé par toute l'équipe.",0,"Le principe de contrôle interne requiert l'utilisation d'outils différents et séparés pour permettre une vérification croisée des informations."
173,tresorerie,"Trésorerie","Selon les normes de la CNJE, quel est le principe fondamental pour l'organisation du pôle trésorerie afin d'assurer la protection de la structure ?",3,"Une validation des dépenses par le Président à la fin de chaque mois.",0,"Bien que la validation soit une bonne pratique, le principe fondamental du contrôle interne est la séparation des tâches au quotidien, et non un contrôle a posteriori."
174,tresorerie,"Trésorerie","Lors de l'établissement d'un budget prévisionnel, une Junior-Entreprise doit définir plusieurs hypothèses (basse, moyenne, haute). Quel élément doit rester unique et commun à toutes ces hypothèses ?",0,"Le chiffre d'affaires prévisionnel.",0,"Le chiffre d'affaires est justement l'une des variables qui change entre les hypothèses basse, moyenne et haute pour anticiper différents niveaux d'activité."
174,tresorerie,"Trésorerie","Lors de l'établissement d'un budget prévisionnel, une Junior-Entreprise doit définir plusieurs hypothèses (basse, moyenne, haute). Quel élément doit rester unique et commun à toutes ces hypothèses ?",1,"Le résultat net visé.",1,"Les différentes hypothèses de produits et de charges doivent toutes converger vers l'objectif financier unique que la structure s'est fixé pour son exercice."
174,tresorerie,"Trésorerie","Lors de l'établissement d'un budget prévisionnel, une Junior-Entreprise doit définir plusieurs hypothèses (basse, moyenne, haute). Quel élément doit rester unique et commun à toutes ces hypothèses ?",2,"Le montant total des charges.",0,"Les charges, tout comme les produits, varient en fonction des hypothèses pour refléter les différents scénarios d'activité possibles."
174,tresorerie,"Trésorerie","Lors de l'établissement d'un budget prévisionnel, une Junior-Entreprise doit définir plusieurs hypothèses (basse, moyenne, haute). Quel élément doit rester unique et commun à toutes ces hypothèses ?",3,"Le nombre de JEH (Jours-Étude Homme) prévus.",0,"Le nombre de JEH est un indicateur d'activité qui peut varier entre les différentes hypothèses pour construire les prévisions de chiffre d'affaires."
175,tresorerie,"Trésorerie","Dans la procédure de relance client, après combien de jours de retard de paiement une relance par courrier recommandé avec accusé de réception est-elle généralement préconisée ?",0,"30 jours",0,"À 30 jours, la procédure standard prévoit une relance bienveillante par téléphone ou par mail, généralement effectuée par le chef de projet."
175,tresorerie,"Trésorerie","Dans la procédure de relance client, après combien de jours de retard de paiement une relance par courrier recommandé avec accusé de réception est-elle généralement préconisée ?",1,"45 jours",0,"À 45 jours, la relance est plus ferme mais s'effectue encore principalement par téléphone et mail, avec un ton adapté à la situation."
175,tresorerie,"Trésorerie","Dans la procédure de relance client, après combien de jours de retard de paiement une relance par courrier recommandé avec accusé de réception est-elle généralement préconisée ?",2,"60 jours",1,"La procédure indique qu'à partir de 60 jours de retard, il est temps de formaliser la relance avec un rappel sérieux par courrier recommandé, dont l'accusé de réception doit être conservé."
175,tresorerie,"Trésorerie","Dans la procédure de relance client, après combien de jours de retard de paiement une relance par courrier recommandé avec accusé de réception est-elle généralement préconisée ?",3,"75 jours",0,"À 75 jours, l'étape suivante consiste à contacter le pôle Conseil de la CNJE pour préparer une éventuelle lettre de mise en demeure, ce qui est plus formel qu'un simple rappel."
176,tresorerie,"Trésorerie","Quel est l'objectif principal du 'cut-off' en comptabilité ?",0,"Augmenter le résultat financier de l'exercice en cours.",0,"Le but du cut-off n'est pas de manipuler le résultat, mais d'assurer sa justesse en respectant les principes comptables."
176,tresorerie,"Trésorerie","Quel est l'objectif principal du 'cut-off' en comptabilité ?",1,"Simplifier la gestion de la trésorerie en fin de mandat.",0,"Le cut-off est une opération comptable qui peut complexifier la gestion à court terme, même si elle est nécessaire pour une image fidèle des comptes."
176,tresorerie,"Trésorerie","Quel est l'objectif principal du 'cut-off' en comptabilité ?",2,"Rattacher les charges et les produits à l'exercice comptable auquel ils se rapportent réellement.",1,"Cette opération respecte le principe d'indépendance des exercices, en s'assurant qu'une prestation réalisée sur un exercice N soit comptabilisée en N, même si la facture est émise en N+1."
176,tresorerie,"Trésorerie","Quel est l'objectif principal du 'cut-off' en comptabilité ?",3,"Reporter toutes les opérations non facturées à l'exercice suivant.",0,"Le cut-off vise précisément à ne pas reporter systématiquement, mais à rattacher chaque opération à son exercice de réalisation."
177,tresorerie,"Trésorerie","Une Junior-Entreprise réalise un chiffre d'affaires annuel de 35 000 € HT. Quel régime de TVA lui est applicable par défaut et quelle mention doit figurer sur ses factures ?",0,"Régime réel simplifié, avec mention 'TVA sur les encaissements'.",0,"Le régime réel simplifié s'applique pour un chiffre d'affaires supérieur au seuil de la franchise en base."
177,tresorerie,"Trésorerie","Une Junior-Entreprise réalise un chiffre d'affaires annuel de 35 000 € HT. Quel régime de TVA lui est applicable par défaut et quelle mention doit figurer sur ses factures ?",1,"Franchise en base de TVA, avec mention 'TVA non applicable – art. 293 B du CGI'.",1,"Les Juniors réalisant un chiffre d'affaires inférieur à 36 800 € HT peuvent bénéficier de la franchise en base, ce qui les dispense de facturer la TVA et les oblige à porter cette mention spécifique."
177,tresorerie,"Trésorerie","Une Junior-Entreprise réalise un chiffre d'affaires annuel de 35 000 € HT. Quel régime de TVA lui est applicable par défaut et quelle mention doit figurer sur ses factures ?",2,"Régime réel normal, car toutes les Juniors y sont soumises.",0,"Le régime réel normal n'est obligatoire qu'au-delà d'un certain seuil de chiffre d'affaires ou de TVA due, ou sur option."
177,tresorerie,"Trésorerie","Une Junior-Entreprise réalise un chiffre d'affaires annuel de 35 000 € HT. Quel régime de TVA lui est applicable par défaut et quelle mention doit figurer sur ses factures ?",3,"Franchise en base de TVA, sans mention particulière sur les factures.",0,"L'absence de facturation de la TVA doit obligatoirement être justifiée sur la facture par la mention légale correspondante."
178,tresorerie,"Trésorerie","Comment le ratio de solidité financière, calculé par la formule $$\frac{\text{Capitaux propres}}{\text{Charges fixes incompressibles}}$$, aide-t-il à déterminer le résultat net à viser dans le budget ?",0,"Un ratio élevé (> 4) incite à viser un résultat fortement positif pour continuer à accumuler des fonds.",0,"Si les fonds propres sont déjà très élevés, il peut être plus stratégique d'investir dans le développement de la Junior plutôt que de viser un résultat très positif."
178,tresorerie,"Trésorerie","Comment le ratio de solidité financière, calculé par la formule $$\frac{\text{Capitaux propres}}{\text{Charges fixes incompressibles}}$$, aide-t-il à déterminer le résultat net à viser dans le budget ?",1,"Un ratio faible (< 4) indique qu'il faut viser un résultat net positif pour renforcer les capitaux propres.",1,"Un ratio faible signale une vulnérabilité financière. Viser un résultat positif permet d'augmenter les capitaux propres et donc d'améliorer la solidité de la structure."
178,tresorerie,"Trésorerie","Comment le ratio de solidité financière, calculé par la formule $$\frac{\text{Capitaux propres}}{\text{Charges fixes incompressibles}}$$, aide-t-il à déterminer le résultat net à viser dans le budget ?",2,"Ce ratio n'a pas d'impact sur la détermination du résultat visé, il ne sert qu'à l'analyse post-clôture.",0,"Ce ratio est un outil de pilotage stratégique qui doit être utilisé en amont, lors de la construction du budget, pour fixer des objectifs financiers prudents et pertinents."
178,tresorerie,"Trésorerie","Comment le ratio de solidité financière, calculé par la formule $$\frac{\text{Capitaux propres}}{\text{Charges fixes incompressibles}}$$, aide-t-il à déterminer le résultat net à viser dans le budget ?",3,"Quel que soit le ratio, il est toujours conseillé de viser un résultat net nul pour une association.",0,"Une Junior-Entreprise doit assurer sa pérennité financière, ce qui peut nécessiter de dégager un excédent, surtout si sa solidité financière est faible."
179,tresorerie,"Trésorerie","Une Junior achète un service à un fournisseur basé en Allemagne pour 500€. La facture est émise hors taxes. Comment la Junior doit-elle gérer la TVA sur cette opération ?",0,"Ne rien faire, car l'opération n'est pas soumise à la TVA française.",0,"Les acquisitions intracommunautaires sont soumises à la TVA française via un mécanisme spécifique."
179,tresorerie,"Trésorerie","Une Junior achète un service à un fournisseur basé en Allemagne pour 500€. La facture est émise hors taxes. Comment la Junior doit-elle gérer la TVA sur cette opération ?",1,"Payer la TVA allemande directement au fournisseur.",0,"Le principe des échanges B2B en Europe est que la facturation se fait en HT et la TVA est gérée dans le pays de l'acheteur."
179,tresorerie,"Trésorerie","Une Junior achète un service à un fournisseur basé en Allemagne pour 500€. La facture est émise hors taxes. Comment la Junior doit-elle gérer la TVA sur cette opération ?",2,"Autoliquider la TVA, en la déclarant à la fois comme collectée et déductible.",1,"Pour un achat intracommunautaire, la Junior doit calculer la TVA française (20% de 500€), la déclarer en TVA collectée et, comme la dépense est réalisée pour son activité, la déclarer simultanément en TVA déductible, rendant l'opération neutre en trésorerie."
179,tresorerie,"Trésorerie","Une Junior achète un service à un fournisseur basé en Allemagne pour 500€. La facture est émise hors taxes. Comment la Junior doit-elle gérer la TVA sur cette opération ?",3,"Demander au fournisseur une nouvelle facture incluant la TVA française.",0,"Le fournisseur étranger n'est pas tenu de facturer la TVA française ; c'est à l'acheteur français de la gérer via le mécanisme d'autoliquidation."
180,tresorerie,"Trésorerie","Quelle est la principale raison pour laquelle le régime simplifié d'imposition (RSI) pour la TVA est déconseillé par la CNJE, malgré sa disponibilité pour les Juniors ?",0,"Il oblige à payer plus de TVA au total sur l'année.",0,"Le montant total de TVA due est le même quel que soit le régime ; seule la méthode de déclaration et de paiement change."
180,tresorerie,"Trésorerie","Quelle est la principale raison pour laquelle le régime simplifié d'imposition (RSI) pour la TVA est déconseillé par la CNJE, malgré sa disponibilité pour les Juniors ?",1,"Il complexifie la gestion de la trésorerie en raison du décalage des paiements.",1,"Le système d'acomptes semestriels basés sur l'année N-1 crée un décalage entre la TVA réellement due et les montants versés, ce qui peut compliquer le suivi et l'anticipation de la trésorerie."
180,tresorerie,"Trésorerie","Quelle est la principale raison pour laquelle le régime simplifié d'imposition (RSI) pour la TVA est déconseillé par la CNJE, malgré sa disponibilité pour les Juniors ?",2,"Il est réservé aux Juniors réalisant un très faible chiffre d'affaires.",0,"Ce régime est accessible pour un chiffre d'affaires compris entre 36 800 € et 254 000 €, ce qui couvre une large partie des Juniors."
180,tresorerie,"Trésorerie","Quelle est la principale raison pour laquelle le régime simplifié d'imposition (RSI) pour la TVA est déconseillé par la CNJE, malgré sa disponibilité pour les Juniors ?",3,"Il interdit toute possibilité de déduire la TVA sur les achats.",0,"C'est le régime de la franchise en base qui ne permet pas de déduire la TVA ; le RSI le permet, mais la déclaration est annuelle."
181,tresorerie,"Trésorerie","Que doit faire une Junior si un client dont elle attend un paiement fait l'objet d'une publication de liquidation judiciaire dans le BODACC ?",0,"Considérer la créance comme définitivement perdue et la passer en perte.",0,"Il existe une procédure à suivre pour tenter de recouvrer tout ou partie de la créance, même en cas de liquidation."
181,tresorerie,"Trésorerie","Que doit faire une Junior si un client dont elle attend un paiement fait l'objet d'une publication de liquidation judiciaire dans le BODACC ?",1,"Contacter directement le dirigeant de l'entreprise pour trouver un arrangement.",0,"Une fois la liquidation judiciaire prononcée, le dirigeant est dessaisi de ses pouvoirs au profit d'un liquidateur judiciaire."
181,tresorerie,"Trésorerie","Que doit faire une Junior si un client dont elle attend un paiement fait l'objet d'une publication de liquidation judiciaire dans le BODACC ?",2,"Déclarer sa créance auprès du liquidateur judiciaire dans un délai de 2 mois.",1,"Pour avoir une chance d'être payée, la Junior doit se faire connaître officiellement en déclarant sa créance au liquidateur désigné, en respectant le délai légal de deux mois suivant la publication."
181,tresorerie,"Trésorerie","Que doit faire une Junior si un client dont elle attend un paiement fait l'objet d'une publication de liquidation judiciaire dans le BODACC ?",3,"Attendre la fin de la procédure de liquidation pour envoyer une mise en demeure.",0,"Après le jugement de liquidation, les poursuites individuelles comme les mises en demeure sont suspendues ; il faut suivre la procédure collective."
182,tresorerie,"Trésorerie","Selon la norme, pourquoi est-il crucial pour une Junior de suivre l'état de sa trésorerie au quotidien ?",0,"Pour pouvoir réaliser des placements financiers à haut rendement.",0,"Bien que les placements soient possibles, l'objectif principal du suivi de trésorerie est d'assurer la viabilité de la structure, non de spéculer."
182,tresorerie,"Trésorerie","Selon la norme, pourquoi est-il crucial pour une Junior de suivre l'état de sa trésorerie au quotidien ?",1,"Pour connaître ses disponibilités, identifier les dettes et créances, et contrôler les flux à venir.",1,"Un suivi quotidien permet d'avoir une vision claire de la situation financière à tout instant, d'anticiper les besoins et de s'assurer que la Junior peut couvrir ses dépenses courantes."
182,tresorerie,"Trésorerie","Selon la norme, pourquoi est-il crucial pour une Junior de suivre l'état de sa trésorerie au quotidien ?",2,"Uniquement pour préparer la déclaration de TVA mensuelle.",0,"Le suivi de trésorerie est beaucoup plus large que la simple préparation de la TVA ; il concerne la gestion financière globale de la Junior."
182,tresorerie,"Trésorerie","Selon la norme, pourquoi est-il crucial pour une Junior de suivre l'état de sa trésorerie au quotidien ?",3,"Pour justifier les dépenses auprès du pôle Conseil de la CNJE.",0,"Le suivi est avant tout un outil de gestion interne pour la pérennité de la Junior, pas un outil de reporting pour la CNJE."
183,tresorerie,"Trésorerie","Une Junior-Entreprise engage des frais pour une prestation sous-traitée à une autre Junior. Comment doit-elle facturer cette sous-traitance à son client final ?",0,"En tant que prestation de service classique, en y appliquant une marge bénéficiaire.",0,"La Junior commanditaire ne réalise pas elle-même la prestation, elle ne peut donc pas la facturer comme telle ni y appliquer une marge comme s'il s'agissait de son propre travail."
183,tresorerie,"Trésorerie","Une Junior-Entreprise engage des frais pour une prestation sous-traitée à une autre Junior. Comment doit-elle facturer cette sous-traitance à son client final ?",1,"En tant que frais, sans réaliser de marge.",1,"Puisque les étudiants de la Junior commanditaire n'interviennent pas, la sous-traitance doit être refacturée au client en tant que frais, en respectant les règles de refacturation de TVA."
183,tresorerie,"Trésorerie","Une Junior-Entreprise engage des frais pour une prestation sous-traitée à une autre Junior. Comment doit-elle facturer cette sous-traitance à son client final ?",2,"La Junior sous-traitée facture directement le client final.",0,"La relation contractuelle du client final est avec la Junior commanditaire, qui est donc seule responsable de la facturation."
183,tresorerie,"Trésorerie","Une Junior-Entreprise engage des frais pour une prestation sous-traitée à une autre Junior. Comment doit-elle facturer cette sous-traitance à son client final ?",3,"En l'intégrant au montant global des JEH de l'étude.",0,"La facturation de la sous-traitance doit être distincte des prestations réalisées en interne (JEH) pour des raisons de clarté et de conformité."
184,tresorerie,"Trésorerie","Quelle est la date d'exigibilité de la TVA déductible sur un achat ?",0,"La date de paiement de la facture au fournisseur.",0,"Le paiement effectif n'est pas la condition pour pouvoir déduire la TVA sur un achat ; c'est le cas pour la TVA collectée sur les encaissements."
184,tresorerie,"Trésorerie","Quelle est la date d'exigibilité de la TVA déductible sur un achat ?",1,"La date de réception de la marchandise ou de la réalisation du service.",0,"La livraison ou la prestation de service est le fait générateur, mais la date d'exigibilité pour la déduction est liée au document comptable."
184,tresorerie,"Trésorerie","Quelle est la date d'exigibilité de la TVA déductible sur un achat ?",2,"La date d'émission de la facture fournisseur.",1,"La Junior peut déduire la TVA dès qu'elle est en possession de la facture fournisseur, même si elle ne l'a pas encore payée."
184,tresorerie,"Trésorerie","Quelle est la date d'exigibilité de la TVA déductible sur un achat ?",3,"La date de la déclaration de TVA du mois concerné.",0,"La déclaration est le moment où l'on fait valoir son droit à déduction, mais ce droit naît à une date antérieure."
185,tresorerie,"Trésorerie","Pour quel type de placement financier une Junior-Entreprise doit-elle être particulièrement vigilante, car il ne doit pas devenir son cœur d'activité ?",0,"Les livrets d'épargne réglementés (Livret A).",0,"Ces placements sont considérés comme sécurisés et adaptés à la gestion de trésorerie courante d'une association."
185,tresorerie,"Trésorerie","Pour quel type de placement financier une Junior-Entreprise doit-elle être particulièrement vigilante, car il ne doit pas devenir son cœur d'activité ?",1,"Tout type de placement, car cela doit rester marginal.",1,"L'objet social d'une Junior est pédagogique. La génération de produits financiers via des placements, bien qu'autorisée, ne doit pas prendre le pas sur l'activité principale de réalisation de missions."
185,tresorerie,"Trésorerie","Pour quel type de placement financier une Junior-Entreprise doit-elle être particulièrement vigilante, car il ne doit pas devenir son cœur d'activité ?",2,"Les investissements en actions d'entreprises du CAC 40.",0,"Bien que potentiellement plus risqués et donc nécessitant une vigilance accrue, la règle générale concerne l'ensemble des placements et leur poids dans l'activité globale."
185,tresorerie,"Trésorerie","Pour quel type de placement financier une Junior-Entreprise doit-elle être particulièrement vigilante, car il ne doit pas devenir son cœur d'activité ?",3,"Les comptes à terme bloqués sur plusieurs années.",0,"Ces placements peuvent être pertinents pour une gestion de trésorerie à long terme, mais la vigilance porte sur l'équilibre global entre l'activité pédagogique et financière."
186,tresorerie,"Trésorerie","Dans le processus de relance, quel acteur est généralement responsable de la première relance 'bienveillante' à +30 jours ?",0,"Le Trésorier",0,"Le Trésorier intervient à des étapes ultérieures et plus formelles du processus, comme à +45 jours ou pour l'envoi du courrier recommandé."
186,tresorerie,"Trésorerie","Dans le processus de relance, quel acteur est généralement responsable de la première relance 'bienveillante' à +30 jours ?",1,"Le Chef de projet",1,"Étant l'interlocuteur principal du client durant la mission, il est le mieux placé pour effectuer une première relance de manière informelle et maintenir la bonne relation commerciale."
186,tresorerie,"Trésorerie","Dans le processus de relance, quel acteur est généralement responsable de la première relance 'bienveillante' à +30 jours ?",2,"Le Président de la Junior",0,"L'intervention du Président serait disproportionnée à ce stade précoce et non formel de la relance."
186,tresorerie,"Trésorerie","Dans le processus de relance, quel acteur est généralement responsable de la première relance 'bienveillante' à +30 jours ?",3,"Le pôle Conseil de la CNJE",0,"La CNJE n'est contactée qu'en dernier recours, à +75 jours, pour préparer une mise en demeure."
187,tresorerie,"Trésorerie","Une Junior souhaite refacturer une licence logicielle payée 1 200€ TTC (dont 200€ de TVA qu'elle peut déduire). Quel sera le montant final TTC de la facture de refacturation adressée au client ?",0,"1 000€ TTC",0,"Ce montant correspondrait à la base hors taxes, mais la Junior doit collecter la TVA pour l'État sur cette refacturation."
187,tresorerie,"Trésorerie","Une Junior souhaite refacturer une licence logicielle payée 1 200€ TTC (dont 200€ de TVA qu'elle peut déduire). Quel sera le montant final TTC de la facture de refacturation adressée au client ?",1,"1 200€ TTC",1,"La Junior récupère les 200€ de TVA initiale. La base de refacturation est donc le montant HT, soit 1000€. Elle applique ensuite 20% de TVA sur cette base (200€), ce qui donne un total de 1200€ TTC. L'opération est neutre pour elle."
187,tresorerie,"Trésorerie","Une Junior souhaite refacturer une licence logicielle payée 1 200€ TTC (dont 200€ de TVA qu'elle peut déduire). Quel sera le montant final TTC de la facture de refacturation adressée au client ?",2,"1 440€ TTC",0,"Ce calcul (1200€ * 1,20) serait correct si la base de refacturation était le montant TTC, ce qui n'est pas le cas lorsque la TVA initiale est déductible."
187,tresorerie,"Trésorerie","Une Junior souhaite refacturer une licence logicielle payée 1 200€ TTC (dont 200€ de TVA qu'elle peut déduire). Quel sera le montant final TTC de la facture de refacturation adressée au client ?",3,"1 400€ TTC",0,"Ce montant ne correspond à aucune règle de calcul de TVA sur refacturation."
188,tresorerie,"Trésorerie","Quel document ou opération comptable permet de relier une facture à son paiement et ainsi d'identifier facilement les factures non réglées ?",0,"La balance âgée",0,"La balance âgée est un état qui classe les créances par ancienneté, mais l'opération qui relie les écritures est autre."
188,tresorerie,"Trésorerie","Quel document ou opération comptable permet de relier une facture à son paiement et ainsi d'identifier facilement les factures non réglées ?",1,"Le cut-off",0,"Le cut-off sert à rattacher les charges et produits au bon exercice comptable, pas à lier une facture et son règlement."
188,tresorerie,"Trésorerie","Quel document ou opération comptable permet de relier une facture à son paiement et ainsi d'identifier facilement les factures non réglées ?",2,"Le lettrage",1,"Le lettrage consiste à attribuer un code (une ou plusieurs lettres) à une facture et à son règlement correspondant dans un compte de tiers, ce qui permet de voir rapidement les écritures non lettrées, c'est-à-dire non soldées."
188,tresorerie,"Trésorerie","Quel document ou opération comptable permet de relier une facture à son paiement et ainsi d'identifier facilement les factures non réglées ?",3,"Le grand livre",0,"Le grand livre détaille toutes les écritures d'un compte, mais c'est le lettrage au sein de ce grand livre qui permet de faire le rapprochement."
189,tresorerie,"Trésorerie","Le budget finalisé d'une Junior-Entreprise doit être officiellement approuvé. Comment cette approbation doit-elle se faire ?",0,"Par un vote en Assemblée Générale.",0,"L'Assemblée Générale approuve généralement les comptes de l'exercice clos, mais le budget prévisionnel relève d'un autre organe."
189,tresorerie,"Trésorerie","Le budget finalisé d'une Junior-Entreprise doit être officiellement approuvé. Comment cette approbation doit-elle se faire ?",1,"Par une validation du Trésorier et du Président.",0,"Bien que leur approbation soit essentielle, la validation doit impliquer l'ensemble de l'organe de direction."
189,tresorerie,"Trésorerie","Le budget finalisé d'une Junior-Entreprise doit être officiellement approuvé. Comment cette approbation doit-elle se faire ?",2,"Par un vote en Conseil d'Administration.",1,"Le budget, qui est la traduction financière de la stratégie, doit être présenté et voté par l'ensemble de l'équipe dirigeante réunie en Conseil d'Administration."
189,tresorerie,"Trésorerie","Le budget finalisé d'une Junior-Entreprise doit être officiellement approuvé. Comment cette approbation doit-elle se faire ?",3,"Par une simple information à tous les membres.",0,"Une simple information n'est pas suffisante ; une approbation formelle est nécessaire pour engager la structure."
190,tresorerie,"Trésorerie","Quel est le délai de paiement maximal général pour une facture émise par une Junior-Entreprise à un client ?",0,"30 jours nets.",0,"C'est un délai courant et souvent utilisé, mais la réglementation permet d'aller au-delà sous certaines conditions."
190,tresorerie,"Trésorerie","Quel est le délai de paiement maximal général pour une facture émise par une Junior-Entreprise à un client ?",1,"45 jours fin de mois ou 60 jours nets.",1,"La loi encadre les délais de paiement inter-entreprises, qui ne doivent généralement pas dépasser ces limites à compter de la date de facturation."
190,tresorerie,"Trésorerie","Quel est le délai de paiement maximal général pour une facture émise par une Junior-Entreprise à un client ?",2,"90 jours nets.",0,"Un délai aussi long est généralement considéré comme excessif et non conforme à la réglementation en vigueur."
190,tresorerie,"Trésorerie","Quel est le délai de paiement maximal général pour une facture émise par une Junior-Entreprise à un client ?",3,"Il n'y a pas de délai maximal, c'est à la libre négociation entre la Junior et son client.",0,"Bien qu'il y ait une part de négociation, les délais de paiement sont plafonnés par la loi pour protéger les créanciers."
191,tresorerie,"Trésorerie","Une Junior-Entreprise achète une licence logicielle à 600€ HT pour les besoins d'une étude. Comment cette dépense doit-elle être traitée comptablement ?",0,"Elle doit être enregistrée comme une charge (compte de classe 6) car elle est inférieure au seuil d'immobilisation.",1,"Un bien dont la valeur est supérieure à 500€ HT et destiné à être utilisé sur plus d'un an est considéré comme une immobilisation. Ce bien étant inférieur à ce seuil, il est comptabilisé comme une charge."
191,tresorerie,"Trésorerie","Une Junior-Entreprise achète une licence logicielle à 600€ HT pour les besoins d'une étude. Comment cette dépense doit-elle être traitée comptablement ?",1,"Elle doit être enregistrée comme une immobilisation incorporelle (compte de classe 2) car elle servira durablement.",0,"Le seuil pour l'enregistrement en immobilisation est fixé à 500€ HT. Ce montant étant supérieur, l'achat ne peut être immobilisé."
191,tresorerie,"Trésorerie","Une Junior-Entreprise achète une licence logicielle à 600€ HT pour les besoins d'une étude. Comment cette dépense doit-elle être traitée comptablement ?",2,"Elle doit être directement refacturée au client en tant que frais sans être enregistrée dans la comptabilité de la Junior.",0,"Toute dépense engagée par la Junior doit être enregistrée dans sa comptabilité, même si elle est ensuite refacturée."
191,tresorerie,"Trésorerie","Une Junior-Entreprise achète une licence logicielle à 600€ HT pour les besoins d'une étude. Comment cette dépense doit-elle être traitée comptablement ?",3,"Elle doit être provisionnée en attente de la clôture de l'étude pour décider de son traitement final.",0,"Le traitement comptable d'un achat (charge ou immobilisation) est déterminé au moment de l'enregistrement de la facture, et non à la fin de l'étude."
192,tresorerie,"Trésorerie","Quelle est la date d'exigibilité de la TVA collectée pour une Junior-Entreprise sur une prestation de service ?",0,"La date d'émission de la facture de solde.",0,"L'émission de la facture crée la créance, mais ne rend pas la TVA immédiatement exigible pour les Juniors."
192,tresorerie,"Trésorerie","Quelle est la date d'exigibilité de la TVA collectée pour une Junior-Entreprise sur une prestation de service ?",1,"La date de signature de la Convention d'Étude.",0,"La signature du contrat engage les parties mais ne correspond pas au fait générateur de la TVA."
192,tresorerie,"Trésorerie","Quelle est la date d'exigibilité de la TVA collectée pour une Junior-Entreprise sur une prestation de service ?",2,"La date de signature du Procès-Verbal de Recette Final (PVRF).",0,"Le PVRF atteste de la fin de la prestation, mais le régime de TVA des Juniors est basé sur un autre événement."
192,tresorerie,"Trésorerie","Quelle est la date d'exigibilité de la TVA collectée pour une Junior-Entreprise sur une prestation de service ?",3,"La date d'encaissement du paiement du client.",1,"Les Juniors sont soumises au régime de la TVA sur les encaissements, ce qui signifie que la taxe n'est due qu'au moment où le paiement est reçu."
193,tresorerie,"Trésorerie","Une Junior au régime réel normal de TVA souhaite refacturer à un client un billet de train de 100€ TTC. La TVA sur les billets de train n'est pas récupérable. Quel montant TTC final la Junior doit-elle facturer au client ?",0,"100€ TTC",0,"La refacturation de frais est considérée comme une prestation de service et est donc soumise à la TVA, même si le frais initial ne l'était pas au même taux."
193,tresorerie,"Trésorerie","Une Junior au régime réel normal de TVA souhaite refacturer à un client un billet de train de 100€ TTC. La TVA sur les billets de train n'est pas récupérable. Quel montant TTC final la Junior doit-elle facturer au client ?",1,"120€ TTC",1,"Si la TVA sur la dépense initiale n'est pas récupérable, la Junior doit refacturer sur la base du montant TTC, en appliquant le taux de TVA normal de 20%."
193,tresorerie,"Trésorerie","Une Junior au régime réel normal de TVA souhaite refacturer à un client un billet de train de 100€ TTC. La TVA sur les billets de train n'est pas récupérable. Quel montant TTC final la Junior doit-elle facturer au client ?",2,"83,33€ HT, soit 100€ TTC",0,"Ce calcul serait correct si la base de refacturation était le montant HT, ce qui n'est pas le cas pour les frais dont la TVA n'est pas récupérable."
193,tresorerie,"Trésorerie","Une Junior au régime réel normal de TVA souhaite refacturer à un client un billet de train de 100€ TTC. La TVA sur les billets de train n'est pas récupérable. Quel montant TTC final la Junior doit-elle facturer au client ?",3,"110€ TTC",0,"Le taux de TVA à appliquer sur une refacturation de frais est le taux normal en vigueur, et non un taux spécifique au type de frais."
194,tresorerie,"Trésorerie","Dans quel cas une subvention reçue par une Junior-Entreprise doit-elle être assujettie à la TVA ?",0,"Uniquement si la subvention provient d'une entreprise privée.",0,"La nature de l'entité qui verse la subvention (publique ou privée) ne détermine pas son assujettissement à la TVA."
194,tresorerie,"Trésorerie","Dans quel cas une subvention reçue par une Junior-Entreprise doit-elle être assujettie à la TVA ?",1,"Si la subvention est qualifiée de ""commerciale"", c'est-à-dire qu'elle est la contrepartie d'un service.",1,"Une subvention est soumise à TVA dès lors qu'elle constitue la contrepartie d'une prestation de service ou d'un avantage donné au tiers payeur."
194,tresorerie,"Trésorerie","Dans quel cas une subvention reçue par une Junior-Entreprise doit-elle être assujettie à la TVA ?",2,"Si le montant de la subvention dépasse un certain seuil annuel fixé par l'administration fiscale.",0,"L'assujettissement à la TVA dépend de la nature de la subvention (avec ou sans contrepartie), et non de son montant."
194,tresorerie,"Trésorerie","Dans quel cas une subvention reçue par une Junior-Entreprise doit-elle être assujettie à la TVA ?",3,"Toutes les subventions reçues par une Junior-Entreprise sont exonérées de TVA.",0,"Il est nécessaire de distinguer les subventions commerciales (soumises à TVA) des subventions non-commerciales (non soumises)."
195,tresorerie,"Trésorerie","Quelle est la règle concernant la TVA sur les cadeaux clients pour une Junior-Entreprise ?",0,"La TVA n'est jamais déductible sur les cadeaux clients.",0,"La déductibilité est possible, mais elle est soumise à une condition de montant."
195,tresorerie,"Trésorerie","Quelle est la règle concernant la TVA sur les cadeaux clients pour une Junior-Entreprise ?",1,"La TVA est toujours déductible, quel que soit le montant du cadeau.",0,"L'administration fiscale a fixé un plafond pour éviter les abus."
195,tresorerie,"Trésorerie","Quelle est la règle concernant la TVA sur les cadeaux clients pour une Junior-Entreprise ?",2,"La TVA est déductible uniquement si le montant du cadeau ne dépasse pas 73€ TTC par client et par an.",1,"C'est le plafond légal au-delà duquel la TVA sur un cadeau offert à un client ne peut plus être récupérée."
195,tresorerie,"Trésorerie","Quelle est la règle concernant la TVA sur les cadeaux clients pour une Junior-Entreprise ?",3,"La TVA est déductible à hauteur de 50% sur tous les cadeaux clients.",0,"La règle n'est pas un pourcentage de déduction, mais un seuil de valeur pour une déduction totale."
196,tresorerie,"Trésorerie","A partir de quel chiffre d'affaires annuel une Junior-Entreprise est-elle obligée de déclarer la CVAE (Cotisation sur la Valeur Ajoutée des Entreprises) ?",0,"Dès le premier euro de chiffre d'affaires.",0,"Il existe un seuil en dessous duquel aucune déclaration n'est requise."
196,tresorerie,"Trésorerie","A partir de quel chiffre d'affaires annuel une Junior-Entreprise est-elle obligée de déclarer la CVAE (Cotisation sur la Valeur Ajoutée des Entreprises) ?",1,"Supérieur à 5 000€.",0,"Ce seuil concerne l'exonération de la CFE, mais pas l'obligation déclarative de la CVAE."
196,tresorerie,"Trésorerie","A partir de quel chiffre d'affaires annuel une Junior-Entreprise est-elle obligée de déclarer la CVAE (Cotisation sur la Valeur Ajoutée des Entreprises) ?",2,"Supérieur à 152 500€.",1,"En dessous de ce seuil de chiffre d'affaires, une Junior n'a ni à déclarer ni à payer la CVAE."
196,tresorerie,"Trésorerie","A partir de quel chiffre d'affaires annuel une Junior-Entreprise est-elle obligée de déclarer la CVAE (Cotisation sur la Valeur Ajoutée des Entreprises) ?",3,"Supérieur à 500 000€.",0,"Ce seuil déclenche une obligation de paiement de la CVAE, mais l'obligation de déclaration commence plus bas."
197,tresorerie,"Trésorerie","Lors de la clôture comptable, une Junior a une étude en cours, facturée mais non totalement réalisée. Comment doit-elle traiter le chiffre d'affaires correspondant à la partie non réalisée ?",0,"En l'enregistrant en Produit Constaté d'Avance (PCA).",1,"Le principe d'indépendance des exercices impose de ne comptabiliser en produit que la partie de la prestation effectivement réalisée. Le reste est neutralisé via un PCA."
197,tresorerie,"Trésorerie","Lors de la clôture comptable, une Junior a une étude en cours, facturée mais non totalement réalisée. Comment doit-elle traiter le chiffre d'affaires correspondant à la partie non réalisée ?",1,"En le laissant intégralement dans le résultat de l'exercice en cours.",0,"Cela irait à l'encontre du principe de séparation des exercices, car une partie du produit concerne l'exercice suivant."
197,tresorerie,"Trésorerie","Lors de la clôture comptable, une Junior a une étude en cours, facturée mais non totalement réalisée. Comment doit-elle traiter le chiffre d'affaires correspondant à la partie non réalisée ?",2,"En l'enregistrant en Charge Constatée d'Avance (CCA).",0,"Les CCA concernent les charges payées d'avance, et non les produits facturés d'avance."
197,tresorerie,"Trésorerie","Lors de la clôture comptable, une Junior a une étude en cours, facturée mais non totalement réalisée. Comment doit-elle traiter le chiffre d'affaires correspondant à la partie non réalisée ?",3,"En attendant la fin de l'étude l'année suivante pour comptabiliser l'intégralité du chiffre d'affaires.",0,"La partie de la prestation réalisée durant l'exercice doit être rattachée à celui-ci, même si la facture n'est pas émise."
198,tresorerie,"Trésorerie","Quelle est la principale raison pour laquelle il est fortement conseillé aux Junior-Entreprises d'opter pour le régime réel normal (RN) de TVA plutôt que le régime simplifié d'imposition (RSI) ?",0,"Le RSI impose des déclarations hebdomadaires trop contraignantes.",0,"Le RSI se base sur des acomptes semestriels et une déclaration annuelle, et non des déclarations hebdomadaires."
198,tresorerie,"Trésorerie","Quelle est la principale raison pour laquelle il est fortement conseillé aux Junior-Entreprises d'opter pour le régime réel normal (RN) de TVA plutôt que le régime simplifié d'imposition (RSI) ?",1,"Le RN permet un meilleur contrôle de la trésorerie grâce à des déclarations et paiements mensuels.",1,"Le régime réel normal aligne les paiements de TVA sur l'activité réelle du mois, évitant les importants décalages de trésorerie inhérents au système d'acomptes du RSI."
198,tresorerie,"Trésorerie","Quelle est la principale raison pour laquelle il est fortement conseillé aux Junior-Entreprises d'opter pour le régime réel normal (RN) de TVA plutôt que le régime simplifié d'imposition (RSI) ?",2,"Le RN est le seul régime qui autorise la déduction de la TVA sur les achats.",0,"Le RSI permet également la déduction de la TVA, bien que les modalités de régularisation soient différentes et moins fréquentes."
198,tresorerie,"Trésorerie","Quelle est la principale raison pour laquelle il est fortement conseillé aux Junior-Entreprises d'opter pour le régime réel normal (RN) de TVA plutôt que le régime simplifié d'imposition (RSI) ?",3,"Le RSI est interdit pour les associations, seules les entreprises individuelles peuvent l'utiliser.",0,"Le RSI est une option possible pour les Juniors dont le CA se situe dans les seuils, bien qu'il soit déconseillé."
199,tresorerie,"Trésorerie","Quelle information cruciale doit figurer sur une facture émise par une Junior en franchise en base de TVA ?",0,"Le numéro de TVA intracommunautaire de la Junior.",0,"Une Junior en franchise en base n'est pas assujettie à la TVA et ne dispose donc généralement pas de numéro de TVA intracommunautaire."
199,tresorerie,"Trésorerie","Quelle information cruciale doit figurer sur une facture émise par une Junior en franchise en base de TVA ?",1,"La mention ""TVA non applicable – art. 293 du CGI"".",1,"Cette mention légale est obligatoire pour informer le client que la TVA n'est pas collectée et justifier son absence sur la facture."
199,tresorerie,"Trésorerie","Quelle information cruciale doit figurer sur une facture émise par une Junior en franchise en base de TVA ?",2,"La mention ""TVA sur les encaissements"".",0,"Cette mention concerne les entités soumises à la TVA au régime réel, ce qui n'est pas le cas d'une structure en franchise en base."
199,tresorerie,"Trésorerie","Quelle information cruciale doit figurer sur une facture émise par une Junior en franchise en base de TVA ?",3,"Un taux de TVA de 0%.",0,"Indiquer un taux de TVA de 0% est différent d'une non-application de la TVA ; la mention légale spécifique est requise."
200,tresorerie,"Trésorerie","Une Junior-Entreprise réalise une étude pour un client professionnel assujetti à la TVA en Allemagne. Comment la TVA doit-elle être gérée sur la facture ?",0,"La Junior doit facturer avec une TVA française de 20%.",0,"Pour les prestations de services BtoB au sein de l'UE, le lieu de taxation est celui du preneur (le client)."
200,tresorerie,"Trésorerie","Une Junior-Entreprise réalise une étude pour un client professionnel assujetti à la TVA en Allemagne. Comment la TVA doit-elle être gérée sur la facture ?",1,"La Junior doit facturer en Hors Taxes (HT) et le client allemand devra autoliquider la TVA dans son pays.",1,"Selon les règles de TVA intracommunautaire pour les services BtoB, la prestation n'est pas taxée en France. Le client est responsable de déclarer et payer la TVA dans son propre pays."
200,tresorerie,"Trésorerie","Une Junior-Entreprise réalise une étude pour un client professionnel assujetti à la TVA en Allemagne. Comment la TVA doit-elle être gérée sur la facture ?",2,"La Junior doit s'immatriculer à la TVA en Allemagne et facturer la TVA allemande.",0,"Le mécanisme d'autoliquidation par le client évite cette démarche complexe pour le prestataire."
200,tresorerie,"Trésorerie","Une Junior-Entreprise réalise une étude pour un client professionnel assujetti à la TVA en Allemagne. Comment la TVA doit-elle être gérée sur la facture ?",3,"La Junior doit facturer avec un taux de TVA réduit spécifique à l'Allemagne.",0,"La facturation doit être faite sans TVA française, et c'est le client qui gère la TVA applicable dans son pays."
201,tresorerie,"Trésorerie","Quel est l'objectif principal de l'État de Rapprochement Bancaire (ERB) ?",0,"Calculer le résultat comptable de la période.",0,"Le résultat est calculé via le compte de résultat, qui compare les produits et les charges, et non en comparant des soldes bancaires."
201,tresorerie,"Trésorerie","Quel est l'objectif principal de l'État de Rapprochement Bancaire (ERB) ?",1,"Justifier et expliquer l'écart entre le solde du compte 512 en comptabilité et le solde du relevé bancaire.",1,"L'ERB vise à pointer les opérations pour identifier les décalages (ex: chèques non encaissés, frais bancaires non saisis) et s'assurer de la concordance des deux soldes."
201,tresorerie,"Trésorerie","Quel est l'objectif principal de l'État de Rapprochement Bancaire (ERB) ?",2,"Préparer la déclaration de TVA mensuelle.",0,"La déclaration de TVA se base sur les factures émises et reçues et les encaissements/décaissements, mais l'ERB n'est pas l'outil direct pour sa préparation."
201,tresorerie,"Trésorerie","Quel est l'objectif principal de l'État de Rapprochement Bancaire (ERB) ?",3,"Lister l'ensemble des créances clients et dettes fournisseurs.",0,"Le suivi des créances et des dettes se fait via le lettrage des comptes de tiers (411 et 401), pas avec l'ERB."
202,tresorerie,"Trésorerie","En cas de contrôle fiscal, quel document standardisé, extrait de la comptabilité, l'administration est-elle en droit de réclamer ?",0,"La balance générale de l'exercice.",0,"La balance est un document de synthèse utile, mais l'administration demande un fichier détaillé avec un format spécifique."
202,tresorerie,"Trésorerie","En cas de contrôle fiscal, quel document standardisé, extrait de la comptabilité, l'administration est-elle en droit de réclamer ?",1,"Le Fichier des Écritures Comptables (FEC).",1,"Le FEC est une extraction de toutes les écritures comptables de l'exercice dans un format normé. Sa production est une obligation légale en cas de contrôle."
202,tresorerie,"Trésorerie","En cas de contrôle fiscal, quel document standardisé, extrait de la comptabilité, l'administration est-elle en droit de réclamer ?",2,"Tous les États de Rapprochement Bancaire (ERB) signés.",0,"Les ERB sont des documents de contrôle interne importants, mais le fichier principal requis pour l'analyse des comptes est le FEC."
202,tresorerie,"Trésorerie","En cas de contrôle fiscal, quel document standardisé, extrait de la comptabilité, l'administration est-elle en droit de réclamer ?",3,"La liasse fiscale de l'exercice précédent pour comparaison.",0,"Bien que l'administration y ait accès, le document qu'elle demande pour un contrôle informatisé de la comptabilité est le FEC."
203,tresorerie,"Trésorerie","Une Junior-Entreprise souhaite rétribuer un dirigeant pour son implication dans la gestion de l'association. Quelle est la principale condition à respecter pour éviter une requalification en salariat ?",0,"La rétribution doit être inférieure au SMIC mensuel.",0,"Bien qu'il existe des plafonds, le critère le plus important n'est pas le montant mais la nature de la relation."
203,tresorerie,"Trésorerie","Une Junior-Entreprise souhaite rétribuer un dirigeant pour son implication dans la gestion de l'association. Quelle est la principale condition à respecter pour éviter une requalification en salariat ?",1,"La rétribution doit être approuvée par l'expert-comptable.",0,"L'approbation de l'expert-comptable est une bonne pratique, mais l'organe souverain pour cette décision est interne à l'association."
203,tresorerie,"Trésorerie","Une Junior-Entreprise souhaite rétribuer un dirigeant pour son implication dans la gestion de l'association. Quelle est la principale condition à respecter pour éviter une requalification en salariat ?",2,"L'absence de tout lien de subordination entre le dirigeant et l'association doit être garantie.",1,"La requalification en contrat de travail repose principalement sur la caractérisation d'un lien de subordination (ordres, contrôle, sanction), qui doit être absolument évité."
203,tresorerie,"Trésorerie","Une Junior-Entreprise souhaite rétribuer un dirigeant pour son implication dans la gestion de l'association. Quelle est la principale condition à respecter pour éviter une requalification en salariat ?",3,"Le dirigeant ne doit pas intervenir sur des missions pour des clients pendant son mandat.",0,"Un dirigeant peut être rétribué pour sa fonction et également recevoir une rétribution en tant qu'intervenant sur une étude, les deux sont distincts."
204,tresorerie,"Trésorerie","Quelle est la durée minimale légale de conservation pour les documents comptables et les pièces justificatives (factures, notes de frais) ?",0,"3 ans",0,"Cette durée de 3 ans correspond à la conservation des BRC et TR, mais pas aux documents comptables généraux."
204,tresorerie,"Trésorerie","Quelle est la durée minimale légale de conservation pour les documents comptables et les pièces justificatives (factures, notes de frais) ?",1,"5 ans",0,"Cette durée s'applique à la conservation des documents d'étude, mais une autre règle prévaut pour les pièces comptables."
204,tresorerie,"Trésorerie","Quelle est la durée minimale légale de conservation pour les documents comptables et les pièces justificatives (factures, notes de frais) ?",2,"10 ans",1,"L'article L.123-22 du Code de commerce impose une durée de conservation de 10 ans pour les documents comptables et les pièces justificatives."
204,tresorerie,"Trésorerie","Quelle est la durée minimale légale de conservation pour les documents comptables et les pièces justificatives (factures, notes de frais) ?",3,"À vie",0,"Cette durée de conservation est imposée pour les Bulletins de Versement, mais pas pour les factures."
205,tresorerie,"Trésorerie","Concernant la facturation électronique, quelle sera la première obligation pour les Junior-Entreprises à compter du 1er septembre 2026 ?",0,"Émettre toutes ses factures clients sous format électronique.",0,"L'obligation d'émission entrera en vigueur plus tard que la première obligation."
205,tresorerie,"Trésorerie","Concernant la facturation électronique, quelle sera la première obligation pour les Junior-Entreprises à compter du 1er septembre 2026 ?",1,"Être en capacité de recevoir les factures de ses fournisseurs sous format électronique.",1,"La réforme se déploie en deux temps : d'abord l'obligation de réception pour toutes les entreprises, puis l'obligation d'émission."
205,tresorerie,"Trésorerie","Concernant la facturation électronique, quelle sera la première obligation pour les Junior-Entreprises à compter du 1er septembre 2026 ?",2,"Transmettre l'ensemble de ses déclarations de TVA via une Plateforme de Dématérialisation Partenaire (PDP).",0,"Bien que liées, l'obligation initiale concerne la réception de factures et non la modification du processus de déclaration de TVA."
205,tresorerie,"Trésorerie","Concernant la facturation électronique, quelle sera la première obligation pour les Junior-Entreprises à compter du 1er septembre 2026 ?",3,"Archiver toutes ses factures sur le portail public de facturation (Chorus Pro).",0,"Le portail public est une option, mais l'obligation est de pouvoir recevoir via une plateforme agréée, qui peut être publique ou privée."
206,tresorerie,"Trésorerie","Une Junior-Entreprise fait un don à une autre association. Comment ce don doit-il être comptabilisé ?",0,"En compte 658 ""Charges diverses de gestion courante"".",0,"Ce compte est utilisé pour les charges courantes non classifiables ailleurs, mais il existe un compte plus spécifique pour les dons."
206,tresorerie,"Trésorerie","Une Junior-Entreprise fait un don à une autre association. Comment ce don doit-il être comptabilisé ?",1,"En compte 623 ""Publicité, publications, relations publiques"".",0,"Un don n'est pas une dépense de communication, sauf s'il s'agit d'un sponsoring avec une contrepartie publicitaire claire."
206,tresorerie,"Trésorerie","Une Junior-Entreprise fait un don à une autre association. Comment ce don doit-il être comptabilisé ?",2,"En compte 6713 ""Dons, libéralités"".",1,"Ce compte de charges exceptionnelles est spécifiquement prévu pour enregistrer les dons et libéralités versés par l'entité."
206,tresorerie,"Trésorerie","Une Junior-Entreprise fait un don à une autre association. Comment ce don doit-il être comptabilisé ?",3,"En compte 467 ""Autres comptes débiteurs ou créditeurs"".",0,"Ce compte de tiers est un compte d'attente ou pour des opérations diverses, mais le don est une charge définitive et doit être enregistré en classe 6."
207,tresorerie,"Trésorerie","Une Junior-Entreprise clôture son exercice comptable au 30 juin. Elle change de régime de TVA pour passer du réel simplifié au réel normal. Quand devra-t-elle déposer sa première déclaration mensuelle de TVA ?",0,"Pour le mois de juin, à déposer avant le 24 juillet.",0,"Le changement prend effet au début du nouvel exercice, et la première déclaration regroupe les premiers mois de cet exercice."
207,tresorerie,"Trésorerie","Une Junior-Entreprise clôture son exercice comptable au 30 juin. Elle change de régime de TVA pour passer du réel simplifié au réel normal. Quand devra-t-elle déposer sa première déclaration mensuelle de TVA ?",1,"Pour le mois de juillet, à déposer avant le 24 août.",0,"La première déclaration après un changement de régime regroupe une période plus longue que le premier mois seul."
207,tresorerie,"Trésorerie","Une Junior-Entreprise clôture son exercice comptable au 30 juin. Elle change de régime de TVA pour passer du réel simplifié au réel normal. Quand devra-t-elle déposer sa première déclaration mensuelle de TVA ?",2,"Pour la période de juillet à septembre, à déposer avant le 24 octobre.",1,"Lors du passage au réel normal pour un exercice débutant en juillet, la première déclaration est celle du premier trimestre (juillet-septembre), même si le rythme devient ensuite mensuel."
207,tresorerie,"Trésorerie","Une Junior-Entreprise clôture son exercice comptable au 30 juin. Elle change de régime de TVA pour passer du réel simplifié au réel normal. Quand devra-t-elle déposer sa première déclaration mensuelle de TVA ?",3,"Pour la période de janvier à mars de l'année suivante, car le régime s'aligne sur l'année civile.",0,"Le cycle déclaratif s'aligne sur l'exercice comptable de la Junior, et non sur l'année civile."
208,tresorerie,"Trésorerie","Que représente le montant indiqué dans la case ""Disponibilités"" du bilan sur la liasse fiscale d'une Junior-Entreprise ?",0,"Le chiffre d'affaires de l'exercice.",0,"Le chiffre d'affaires est un flux qui apparaît dans le compte de résultat, tandis que les disponibilités sont un stock à la date de clôture."
208,tresorerie,"Trésorerie","Que représente le montant indiqué dans la case ""Disponibilités"" du bilan sur la liasse fiscale d'une Junior-Entreprise ?",1,"Le total des créances clients non encore encaissées.",0,"Les créances clients figurent dans une autre section de l'actif circulant, elles représentent de l'argent à recevoir et non de l'argent disponible."
208,tresorerie,"Trésorerie","Que représente le montant indiqué dans la case ""Disponibilités"" du bilan sur la liasse fiscale d'une Junior-Entreprise ?",2,"Le résultat net de l'exercice.",0,"Le résultat net est une composante des capitaux propres au passif et ne correspond pas directement au solde des comptes bancaires."
208,tresorerie,"Trésorerie","Que représente le montant indiqué dans la case ""Disponibilités"" du bilan sur la liasse fiscale d'une Junior-Entreprise ?",3,"La somme des soldes des comptes bancaires et de la caisse (comptes 51, 53, 54).",1,"Les disponibilités représentent la trésorerie immédiate de la Junior, c'est-à-dire l'argent présent sur ses comptes courants, ses livrets et en caisse à la date de clôture."
209,tresorerie,"Trésorerie","Une Junior-Entreprise peut-elle bénéficier du Crédit d'Impôt Recherche (CIR) pour une étude réalisée pour le compte d'un client ?",0,"Oui, automatiquement pour toute étude facturée plus de 10 000€.",0,"Le bénéfice du CIR n'est pas automatique et ne dépend pas du montant de l'étude."
209,tresorerie,"Trésorerie","Une Junior-Entreprise peut-elle bénéficier du Crédit d'Impôt Recherche (CIR) pour une étude réalisée pour le compte d'un client ?",1,"Non, le CIR est exclusivement réservé aux entreprises et non aux associations.",0,"Les Juniors peuvent être agréées et permettre à leurs clients de bénéficier du CIR, sous conditions."
209,tresorerie,"Trésorerie","Une Junior-Entreprise peut-elle bénéficier du Crédit d'Impôt Recherche (CIR) pour une étude réalisée pour le compte d'un client ?",2,"Oui, si la Junior est agréée par le ministère chargé de la recherche et que l'étude présente un caractère de R&D pour le client.",1,"Pour qu'un client puisse déclarer les dépenses d'une étude en CIR, la Junior doit avoir obtenu un agrément spécifique, reconnaissant sa capacité à mener des travaux de R&D."
209,tresorerie,"Trésorerie","Une Junior-Entreprise peut-elle bénéficier du Crédit d'Impôt Recherche (CIR) pour une étude réalisée pour le compte d'un client ?",3,"Non, car les intervenants ne sont pas des salariés chercheurs.",0,"Le statut des intervenants n'est pas le critère ; c'est l'agrément de la structure et la nature des travaux qui comptent."
210,tresorerie,"Trésorerie","En cas de rupture d'une étude à l'initiative du client, la Junior-Entreprise conserve l'acompte. Comment doit-elle traiter cet acompte pour pouvoir rétribuer les intervenants pour le travail déjà effectué ?",0,"L'acompte est directement partagé entre les intervenants sans autre formalité.",0,"La rétribution doit obligatoirement correspondre à des JEH validés par une facture de solde."
210,tresorerie,"Trésorerie","En cas de rupture d'une étude à l'initiative du client, la Junior-Entreprise conserve l'acompte. Comment doit-elle traiter cet acompte pour pouvoir rétribuer les intervenants pour le travail déjà effectué ?",1,"L'acompte est enregistré comme un produit exceptionnel et ne peut pas servir à rétribuer les intervenants.",0,"L'acompte doit être rattaché à une prestation et donc à des JEH pour permettre la rétribution."
210,tresorerie,"Trésorerie","En cas de rupture d'une étude à l'initiative du client, la Junior-Entreprise conserve l'acompte. Comment doit-elle traiter cet acompte pour pouvoir rétribuer les intervenants pour le travail déjà effectué ?",2,"La Junior doit émettre un avenant de rupture et une facture de solde convertissant le montant de l'acompte en un nombre de JEH correspondant au travail réalisé.",1,"Pour clôturer l'étude et justifier la rétribution, il est indispensable de formaliser la fin de la mission et de facturer les JEH réellement effectués, même si le solde de la facture est nul."
210,tresorerie,"Trésorerie","En cas de rupture d'une étude à l'initiative du client, la Junior-Entreprise conserve l'acompte. Comment doit-elle traiter cet acompte pour pouvoir rétribuer les intervenants pour le travail déjà effectué ?",3,"La Junior doit rembourser l'acompte et facturer séparément le travail effectué.",0,"L'acompte est conservé et vient en déduction du montant total du travail effectué ; il n'est pas nécessaire de le rembourser pour refacturer."
211,tresorerie,"Trésorerie","Dans le cadre de la procédure de surveillance des signataires, que doit faire une Junior lorsqu'un membre ayant les droits sur le compte bancaire (ex: Président, Trésorier) doit recevoir une rétribution ?",0,"Le membre doit renoncer à sa rétribution pour éviter tout conflit d'intérêts.",0,"Il est possible de rétribuer un signataire, mais des mesures de contrôle supplémentaires sont nécessaires."
211,tresorerie,"Trésorerie","Dans le cadre de la procédure de surveillance des signataires, que doit faire une Junior lorsqu'un membre ayant les droits sur le compte bancaire (ex: Président, Trésorier) doit recevoir une rétribution ?",1,"Le virement doit être effectué par un autre membre de l'association n'ayant pas de droits bancaires.",0,"La personne effectuant le virement doit avoir les habilitations bancaires nécessaires."
211,tresorerie,"Trésorerie","Dans le cadre de la procédure de surveillance des signataires, que doit faire une Junior lorsqu'un membre ayant les droits sur le compte bancaire (ex: Président, Trésorier) doit recevoir une rétribution ?",2,"Une étape de validation supplémentaire par un autre administrateur doit être mise en place avant l'émission du Bulletin de Versement.",1,"Cette mesure de contrôle interne (principe de la double signature ou validation croisée) vise à prévenir les abus et garantir la légitimité du paiement."
211,tresorerie,"Trésorerie","Dans le cadre de la procédure de surveillance des signataires, que doit faire une Junior lorsqu'un membre ayant les droits sur le compte bancaire (ex: Président, Trésorier) doit recevoir une rétribution ?",3,"Le Bulletin de Versement doit être co-signé par l'expert-comptable de la Junior.",0,"La surveillance des signataires est une procédure de contrôle interne à la Junior ; l'expert-comptable n'intervient pas dans ce processus opérationnel."
212,tresorerie,"Trésorerie","Quel est le traitement de la TVA pour une facture d'avoir émise à un client pour annuler totalement une facture précédente déjà encaissée ?",0,"La TVA n'est pas affectée, la Junior perd la TVA initialement versée à l'État.",0,"L'annulation d'une vente doit entraîner l'annulation de la TVA correspondante."
212,tresorerie,"Trésorerie","Quel est le traitement de la TVA pour une facture d'avoir émise à un client pour annuler totalement une facture précédente déjà encaissée ?",1,"La Junior doit déduire le montant de TVA de l'avoir de sa TVA collectée du mois.",0,"Le montant de TVA à reverser ne se déduit pas directement de la TVA collectée, il est déclaré dans une case spécifique."
212,tresorerie,"Trésorerie","Quel est le traitement de la TVA pour une facture d'avoir émise à un client pour annuler totalement une facture précédente déjà encaissée ?",2,"Le montant de la TVA de l'avoir est à déclarer en ""autre TVA à déduire"" sur la déclaration de TVA.",1,"Puisque la TVA initialement collectée a été reversée à l'État, l'émission d'un avoir permet à la Junior de récupérer cette TVA en l'imputant sur sa TVA déductible."
212,tresorerie,"Trésorerie","Quel est le traitement de la TVA pour une facture d'avoir émise à un client pour annuler totalement une facture précédente déjà encaissée ?",3,"La Junior doit faire une demande de remboursement de crédit de TVA spécifique pour le montant de l'avoir.",0,"La récupération de la TVA se fait directement sur la déclaration périodique via la case ""autre TVA à déduire"", sans nécessiter une procédure de remboursement distincte."
213,tresorerie,"Trésorerie","Comment le chiffre d'affaires d'une Junior-Entreprise est-il généralement identifié sur la liasse fiscale (formulaire 2052 - Compte de résultat) ?",0,"À la ligne ""Subventions d'exploitation"".",0,"Les subventions sont des produits, mais ne constituent pas le chiffre d'affaires principal issu des prestations."
213,tresorerie,"Trésorerie","Comment le chiffre d'affaires d'une Junior-Entreprise est-il généralement identifié sur la liasse fiscale (formulaire 2052 - Compte de résultat) ?",1,"À la ligne ""Production vendue - Biens"".",0,"Les Juniors réalisent des prestations de services, et non de la vente de biens ou de marchandises."
213,tresorerie,"Trésorerie","Comment le chiffre d'affaires d'une Junior-Entreprise est-il généralement identifié sur la liasse fiscale (formulaire 2052 - Compte de résultat) ?",2,"À la ligne ""Production vendue - Services"".",1,"Cette ligne correspond à la somme des soldes des comptes de classe 70 (hors vente de marchandises), ce qui représente l'activité de prestation de services des Juniors."
213,tresorerie,"Trésorerie","Comment le chiffre d'affaires d'une Junior-Entreprise est-il généralement identifié sur la liasse fiscale (formulaire 2052 - Compte de résultat) ?",3,"À la ligne ""Autres produits de gestion courante"".",0,"Cette ligne est destinée aux produits qui ne proviennent pas de l'activité principale de l'entité."
214,tresorerie,"Trésorerie","Selon la CNJE, pourquoi une Junior-Entreprise, bien que potentiellement éligible, ne doit-elle pas percevoir d'aides de l'État ?",0,"Parce que les démarches administratives pour les obtenir sont trop complexes pour une association étudiante.",0,"La complexité administrative n'est pas la raison de fond invoquée ; le motif est d'ordre éthique et social."
214,tresorerie,"Trésorerie","Selon la CNJE, pourquoi une Junior-Entreprise, bien que potentiellement éligible, ne doit-elle pas percevoir d'aides de l'État ?",1,"Car cela ne correspond pas à l'objet social de la Junior et ces aides doivent bénéficier à des entreprises en réel besoin.",1,"Cette réponse reflète la position éthique de la CNJE, qui est de ne pas détourner des fonds publics destinés à soutenir l'économie réelle."
214,tresorerie,"Trésorerie","Selon la CNJE, pourquoi une Junior-Entreprise, bien que potentiellement éligible, ne doit-elle pas percevoir d'aides de l'État ?",2,"Car le statut associatif des Juniors les exclut automatiquement de la plupart des dispositifs d'aide.",0,"Le document précise que les Juniors remplissent souvent les critères d'éligibilité, donc leur statut n'est pas un frein direct."
214,tresorerie,"Trésorerie","Selon la CNJE, pourquoi une Junior-Entreprise, bien que potentiellement éligible, ne doit-elle pas percevoir d'aides de l'État ?",3,"Parce que l'acceptation d'aides de l'État impliquerait une soumission à la TVA sur la totalité du chiffre d'affaires.",0,"L'assujettissement à la TVA est lié à l'activité lucrative, et non à la perception d'aides d'État non commerciales."
215,tresorerie,"Trésorerie","Quelle est la raison principale pour laquelle les placements financiers tels que les fonds de placement (actions, OPCVM) sont formellement interdits pour une Junior-Entreprise ?",0,"Leur gestion nécessite une expertise financière que les étudiants n'ont pas.",0,"Bien que la compétence soit un facteur, la raison fondamentale est liée au risque et à la mission de la structure."
215,tresorerie,"Trésorerie","Quelle est la raison principale pour laquelle les placements financiers tels que les fonds de placement (actions, OPCVM) sont formellement interdits pour une Junior-Entreprise ?",1,"Ils sont considérés comme trop risqués et spéculatifs, ce qui est contraire à l'objet social pédagogique de la Junior.",1,"L'objectif d'une Junior n'est pas la performance financière mais la formation par la pratique, ce qui proscrit la prise de risques financiers importants."
215,tresorerie,"Trésorerie","Quelle est la raison principale pour laquelle les placements financiers tels que les fonds de placement (actions, OPCVM) sont formellement interdits pour une Junior-Entreprise ?",2,"Les gains issus de ces placements sont surtaxés pour les associations de loi 1901.",0,"La fiscalité des produits financiers n'est pas le motif principal de l'interdiction, qui est avant tout prudentiel et éthique."
215,tresorerie,"Trésorerie","Quelle est la raison principale pour laquelle les placements financiers tels que les fonds de placement (actions, OPCVM) sont formellement interdits pour une Junior-Entreprise ?",3,"Seuls les placements garantis par l'État, comme le Livret A, sont autorisés par la loi pour les Juniors.",0,"D'autres placements non garantis par l'État comme le Livret B sont autorisés, l'interdiction vise donc une catégorie spécifique de produits."
216,tresorerie,"Trésorerie","Lorsqu'une Junior-Entreprise organise un événement avec d'autres Juniors et engage des dépenses, comment la répartition des coûts doit-elle être gérée ?",0,"Par le versement de subventions prédéfinies entre les Juniors participantes.",0,"Cette méthode est explicitement interdite en raison d'un risque de fraude jugé trop élevé."
216,tresorerie,"Trésorerie","Lorsqu'une Junior-Entreprise organise un événement avec d'autres Juniors et engage des dépenses, comment la répartition des coûts doit-elle être gérée ?",1,"En créant une caisse commune en argent liquide gérée par un trésorier désigné.",0,"La circulation d'argent liquide est proscrite au sein des Junior-Entreprises et de leurs regroupements."
216,tresorerie,"Trésorerie","Lorsqu'une Junior-Entreprise organise un événement avec d'autres Juniors et engage des dépenses, comment la répartition des coûts doit-elle être gérée ?",2,"Par la refacturation avec TVA de la Junior ayant engagé la dépense vers les autres parties prenantes.",1,"Cette méthode assure une traçabilité comptable et fiscale correcte des flux financiers entre les structures."
216,tresorerie,"Trésorerie","Lorsqu'une Junior-Entreprise organise un événement avec d'autres Juniors et engage des dépenses, comment la répartition des coûts doit-elle être gérée ?",3,"En partageant les coûts de manière informelle, chaque Junior réglant une partie des factures directement aux fournisseurs.",0,"Cette approche manquerait de rigueur comptable et ne permettrait pas un suivi centralisé et correct des dépenses."
217,tresorerie,"Trésorerie","Une Junior-Entreprise avec un ratio de solidité financière de 2,5 (calculé par $$\frac{\text{Capitaux propres}}{\text{Charges fixes incompressibles}}$$) construit son budget. Quelle stratégie doit-elle adopter pour son résultat net visé ?",0,"Viser un résultat net nul pour respecter son statut associatif.",0,"Un résultat net nul ne permettrait pas d'améliorer une situation financière jugée fragile."
217,tresorerie,"Trésorerie","Une Junior-Entreprise avec un ratio de solidité financière de 2,5 (calculé par $$\frac{\text{Capitaux propres}}{\text{Charges fixes incompressibles}}$$) construit son budget. Quelle stratégie doit-elle adopter pour son résultat net visé ?",1,"Viser un résultat net fortement négatif en investissant massivement pour relancer l'activité.",0,"Un résultat négatif aggraverait la vulnérabilité financière en diminuant davantage les capitaux propres."
217,tresorerie,"Trésorerie","Une Junior-Entreprise avec un ratio de solidité financière de 2,5 (calculé par $$\frac{\text{Capitaux propres}}{\text{Charges fixes incompressibles}}$$) construit son budget. Quelle stratégie doit-elle adopter pour son résultat net visé ?",2,"Viser un résultat net positif pour renforcer ses capitaux propres et améliorer sa solidité.",1,"Un ratio inférieur à 4 signale une fragilité, et dégager un excédent est le moyen de renforcer les fonds propres pour assurer la pérennité."
217,tresorerie,"Trésorerie","Une Junior-Entreprise avec un ratio de solidité financière de 2,5 (calculé par $$\frac{\text{Capitaux propres}}{\text{Charges fixes incompressibles}}$$) construit son budget. Quelle stratégie doit-elle adopter pour son résultat net visé ?",3,"Ignorer ce ratio et baser le résultat visé uniquement sur le chiffre d'affaires de l'année précédente.",0,"Ce ratio est un outil de pilotage stratégique essentiel qui doit guider la définition des objectifs financiers."
218,tresorerie,"Trésorerie","Quelle est la qualification fiscale des sommes perçues par les intervenants d'une Junior-Entreprise et quelle en est la conséquence principale ?",0,"Ce sont des salaires, soumis au Prélèvement à la Source (PAS) déclaré par la Junior.",0,"Les documents précisent explicitement que ces sommes ne sont pas des salaires et ne relèvent pas du PAS."
218,tresorerie,"Trésorerie","Quelle est la qualification fiscale des sommes perçues par les intervenants d'une Junior-Entreprise et quelle en est la conséquence principale ?",1,"Ce sont des revenus non imposables car ils relèvent d'une activité pédagogique.",0,"Ces revenus sont bien imposables, c'est à l'intervenant de les déclarer."
218,tresorerie,"Trésorerie","Quelle est la qualification fiscale des sommes perçues par les intervenants d'une Junior-Entreprise et quelle en est la conséquence principale ?",2,"Ce sont des Bénéfices Non Commerciaux (BNC), que l'intervenant doit déclarer lui-même.",1,"Cette qualification fiscale implique que la déclaration et le paiement de l'impôt incombent à l'étudiant, et non à la Junior via le PAS."
218,tresorerie,"Trésorerie","Quelle est la qualification fiscale des sommes perçues par les intervenants d'une Junior-Entreprise et quelle en est la conséquence principale ?",3,"Ce sont des droits d'auteur, soumis à une retenue à la source spécifique.",0,"Sauf cas très particulier, les prestations d'étude ne sont pas qualifiées de droits d'auteur mais d'honoraires."
219,tresorerie,"Trésorerie","Que doit faire une Junior-Entreprise si elle reçoit des relances de l'URSSAF concernant la Déclaration Sociale Nominative (DSN) ?",0,"Remplir et envoyer la DSN immédiatement pour se mettre en conformité.",0,"Les Juniors ne sont pas concernées par la DSN, cette action ne serait donc pas appropriée."
219,tresorerie,"Trésorerie","Que doit faire une Junior-Entreprise si elle reçoit des relances de l'URSSAF concernant la Déclaration Sociale Nominative (DSN) ?",1,"Ignorer les relances car elles sont automatiques et non pertinentes.",0,"Bien que les relances soient souvent automatiques, les ignorer peut entraîner des complications ; une action est requise."
219,tresorerie,"Trésorerie","Que doit faire une Junior-Entreprise si elle reçoit des relances de l'URSSAF concernant la Déclaration Sociale Nominative (DSN) ?",2,"Payer les pénalités indiquées pour éviter une mise en demeure.",0,"Payer des pénalités indues n'est pas la solution, il faut d'abord contester le bien-fondé de la demande."
219,tresorerie,"Trésorerie","Que doit faire une Junior-Entreprise si elle reçoit des relances de l'URSSAF concernant la Déclaration Sociale Nominative (DSN) ?",3,"Contacter le pôle Conseil de la CNJE pour obtenir un argumentaire à transmettre à l'URSSAF.",1,"La CNJE fournit un support et des documents spécifiques pour répondre à l'URSSAF et clarifier le statut des Juniors vis-à-vis de la DSN."
220,tresorerie,"Trésorerie","Dans le cadre de la future réforme sur la facturation électronique, quelle est l'une des grandes étapes de préparation demandée par la CNJE aux Juniors ?",0,"Installer dès maintenant un logiciel de facturation certifié par l'État.",0,"Il est prématuré d'installer un logiciel sans avoir analysé ses besoins, l'étape en amont est la collecte d'informations."
220,tresorerie,"Trésorerie","Dans le cadre de la future réforme sur la facturation électronique, quelle est l'une des grandes étapes de préparation demandée par la CNJE aux Juniors ?",1,"Répondre à un questionnaire transmis par la CNJE pour affiner les solutions proposées.",1,"La CNJE a initié une démarche de collecte d'informations pour accompagner au mieux le Mouvement dans cette transition."
220,tresorerie,"Trésorerie","Dans le cadre de la future réforme sur la facturation électronique, quelle est l'une des grandes étapes de préparation demandée par la CNJE aux Juniors ?",2,"Passer obligatoirement toutes les factures via le portail Chorus Pro.",0,"Chorus Pro est une option, mais d'autres plateformes seront disponibles ; l'étape actuelle est la préparation, pas la mise en œuvre."
220,tresorerie,"Trésorerie","Dans le cadre de la future réforme sur la facturation électronique, quelle est l'une des grandes étapes de préparation demandée par la CNJE aux Juniors ?",3,"Former tous les membres à la nouvelle norme de facturation européenne.",0,"La formation sera nécessaire, mais la première étape est de permettre à la CNJE d'évaluer la situation du Mouvement."
221,tresorerie,"Trésorerie","Lorsqu'une Junior-Entreprise avance des frais pour un repas avec un client, quelle mention est obligatoire sur la note de restaurant pour qu'elle soit une pièce justificative valable ?",0,"Le numéro de SIRET de la Junior-Entreprise.",0,"Bien qu'utile, ce n'est pas la mention spécifique exigée pour justifier la nature professionnelle de la dépense."
221,tresorerie,"Trésorerie","Lorsqu'une Junior-Entreprise avance des frais pour un repas avec un client, quelle mention est obligatoire sur la note de restaurant pour qu'elle soit une pièce justificative valable ?",1,"Le motif détaillé du repas (ex: 'négociation commerciale').",0,"Le motif est important pour le contexte, mais une autre information factuelle est formellement requise."
221,tresorerie,"Trésorerie","Lorsqu'une Junior-Entreprise avance des frais pour un repas avec un client, quelle mention est obligatoire sur la note de restaurant pour qu'elle soit une pièce justificative valable ?",2,"L'identité de toutes les personnes bénéficiaires du repas.",1,"Cette information est cruciale pour prouver à l'administration fiscale que la dépense a bien été engagée dans l'intérêt de l'entreprise."
221,tresorerie,"Trésorerie","Lorsqu'une Junior-Entreprise avance des frais pour un repas avec un client, quelle mention est obligatoire sur la note de restaurant pour qu'elle soit une pièce justificative valable ?",3,"La signature du trésorier de la Junior au dos de la note.",0,"Une signature interne est une bonne pratique de validation, mais n'est pas une exigence pour la validité de la pièce elle-même."
222,tresorerie,"Trésorerie","Selon la norme ""Trésorerie"", quel est le critère de criticité associé à la règle ""Les BV émis sont corrects"" et que cela implique-t-il ?",0,"Criticité basse, car les erreurs peuvent être corrigées sur le prochain bulletin.",0,"La correction est possible mais l'importance de ce point est bien plus élevée."
222,tresorerie,"Trésorerie","Selon la norme ""Trésorerie"", quel est le critère de criticité associé à la règle ""Les BV émis sont corrects"" et que cela implique-t-il ?",1,"Criticité moyenne, car cela impacte uniquement la comptabilité interne de la Junior.",0,"Les erreurs sur les BV ont des implications légales et sociales externes, ce qui augmente leur criticité."
222,tresorerie,"Trésorerie","Selon la norme ""Trésorerie"", quel est le critère de criticité associé à la règle ""Les BV émis sont corrects"" et que cela implique-t-il ?",2,"Criticité haute, car les erreurs peuvent entraîner des sanctions légales et des problèmes avec l'URSSAF.",1,"Le respect des réglementations sociales est un enjeu majeur pour la conformité et la pérennité de la structure."
222,tresorerie,"Trésorerie","Selon la norme ""Trésorerie"", quel est le critère de criticité associé à la règle ""Les BV émis sont corrects"" et que cela implique-t-il ?",3,"Aucune criticité, car la CNJE fournit un modèle de BV standard qui prévient toute erreur.",0,"Même avec un modèle, des erreurs de saisie (montants, taux, etc.) sont possibles et leur impact est significatif."
223,tresorerie,"Trésorerie","Comment une Junior-Entreprise doit-elle traiter le JEH (Jour-Étude Homme) dans son discours commercial avec un client ?",0,"En le présentant comme l'équivalent de 8 heures de travail d'un étudiant.",0,"Le JEH ne doit pas être assimilé à une unité de temps, car cela peut créer de fausses attentes et des litiges."
223,tresorerie,"Trésorerie","Comment une Junior-Entreprise doit-elle traiter le JEH (Jour-Étude Homme) dans son discours commercial avec un client ?",1,"En le présentant comme une simple unité de facturation pour valoriser le budget global de l'étude.",1,"Cette approche permet de dissocier le prix du temps passé et de se concentrer sur la valeur de la prestation dans son ensemble."
223,tresorerie,"Trésorerie","Comment une Junior-Entreprise doit-elle traiter le JEH (Jour-Étude Homme) dans son discours commercial avec un client ?",2,"En justifiant son prix par le salaire horaire moyen d'un consultant junior.",0,"La comparaison avec un salaire est inappropriée, les rétributions en Junior n'étant pas des salaires."
223,tresorerie,"Trésorerie","Comment une Junior-Entreprise doit-elle traiter le JEH (Jour-Étude Homme) dans son discours commercial avec un client ?",3,"En évitant de mentionner le JEH et en ne donnant qu'un prix forfaitaire global.",0,"Le JEH est un élément structurant de l'offre commerciale, il doit apparaître mais être correctement expliqué."
224,tresorerie,"Trésorerie","Pour quel régime de TVA les Junior-Entreprises doivent-elles opter pour se conformer aux normes de la CNJE ?",0,"Le régime de la franchise en base de TVA obligatoirement.",0,"La franchise en base est une possibilité sous un certain seuil de CA, mais n'est pas le régime recommandé ou obligatoire pour toutes."
224,tresorerie,"Trésorerie","Pour quel régime de TVA les Junior-Entreprises doivent-elles opter pour se conformer aux normes de la CNJE ?",1,"Le régime réel simplifié car il simplifie les déclarations.",0,"Ce régime, bien qu'existant, est souvent déconseillé par la CNJE en raison des décalages de trésorerie qu'il engendre."
224,tresorerie,"Trésorerie","Pour quel régime de TVA les Junior-Entreprises doivent-elles opter pour se conformer aux normes de la CNJE ?",2,"Le régime réel normal ou le régime mini-réel.",1,"Ces régimes, avec des déclarations mensuelles ou trimestrielles, permettent un meilleur suivi de la trésorerie et sont conformes aux bonnes pratiques du Mouvement."
224,tresorerie,"Trésorerie","Pour quel régime de TVA les Junior-Entreprises doivent-elles opter pour se conformer aux normes de la CNJE ?",3,"N'importe quel régime, au choix du trésorier, tant que les déclarations sont faites.",0,"La norme est précise et impose un choix parmi des régimes spécifiques pour garantir une gestion saine."
225,tresorerie,"Trésorerie","Que se passe-t-il si un intervenant a plus de 28 ans ?",0,"Il ne peut en aucun cas réaliser de mission pour une Junior-Entreprise.",0,"Une clarification récente de l'URSSAF a modifié cette règle."
225,tresorerie,"Trésorerie","Que se passe-t-il si un intervenant a plus de 28 ans ?",1,"Il peut réaliser la mission, mais sa rétribution sera considérée comme un salaire.",0,"Le statut fiscal des rétributions (BNC) ne dépend pas de l'âge de l'intervenant."
225,tresorerie,"Trésorerie","Que se passe-t-il si un intervenant a plus de 28 ans ?",2,"C'est désormais possible de le sélectionner pour une mission.",1,"Les documents indiquent que de nouveaux échanges avec l'URSSAF ont clarifié ce point, rendant la sélection possible."
225,tresorerie,"Trésorerie","Que se passe-t-il si un intervenant a plus de 28 ans ?",3,"Il peut réaliser la mission, mais la Junior devra payer des cotisations sociales supplémentaires.",0,"Aucune mention de cotisations supplémentaires liées à l'âge n'est faite dans les documents fournis."
226,tresorerie,"Trésorerie","Dans le modèle de budget prévisionnel, les prévisions d'activité sont établies selon trois hypothèses (basse, moyenne, haute). Sur quel paramètre principal ces hypothèses font-elles varier le chiffre d'affaires ?",0,"Sur le prix moyen HT du JEH.",0,"Dans l'exemple fourni, le prix moyen du JEH reste fixe, c'est un autre levier qui est actionné."
226,tresorerie,"Trésorerie","Dans le modèle de budget prévisionnel, les prévisions d'activité sont établies selon trois hypothèses (basse, moyenne, haute). Sur quel paramètre principal ces hypothèses font-elles varier le chiffre d'affaires ?",1,"Sur le résultat net visé.",0,"Le résultat net visé est un objectif unique autour duquel les hypothèses sont construites, il ne varie pas entre elles."
226,tresorerie,"Trésorerie","Dans le modèle de budget prévisionnel, les prévisions d'activité sont établies selon trois hypothèses (basse, moyenne, haute). Sur quel paramètre principal ces hypothèses font-elles varier le chiffre d'affaires ?",2,"Sur le nombre de JEH prévus.",1,"L'exemple montre clairement que le nombre de JEH est différent pour chaque hypothèse, ce qui impacte directement le chiffre d'affaires prévisionnel."
226,tresorerie,"Trésorerie","Dans le modèle de budget prévisionnel, les prévisions d'activité sont établies selon trois hypothèses (basse, moyenne, haute). Sur quel paramètre principal ces hypothèses font-elles varier le chiffre d'affaires ?",3,"Sur le montant des produits financiers.",0,"Les produits financiers sont généralement une conséquence de la trésorerie et non un levier pour faire varier les prévisions d'activité principale."
227,tresorerie,"Trésorerie","Pourquoi l'utilisation de subventions est-elle interdite pour répartir les coûts d'un projet commun entre plusieurs Junior-Entreprises ?",0,"Car les subventions ne peuvent provenir que d'organismes publics.",0,"Une Junior peut verser une subvention (un don), mais ce n'est pas le mécanisme approprié dans ce contexte. La source du financement n'est pas le problème."
227,tresorerie,"Trésorerie","Pourquoi l'utilisation de subventions est-elle interdite pour répartir les coûts d'un projet commun entre plusieurs Junior-Entreprises ?",1,"Parce que le risque de fraude et de mauvaise utilisation des fonds est jugé trop élevé.",1,"Le document explique que confier la gestion d'un pécule prédéfini, même avec un contrôle, présente un risque de fuite de flux financiers."
227,tresorerie,"Trésorerie","Pourquoi l'utilisation de subventions est-elle interdite pour répartir les coûts d'un projet commun entre plusieurs Junior-Entreprises ?",2,"Parce qu'une subvention n'est pas soumise à la TVA, ce qui crée un déséquilibre fiscal.",0,"Bien que la TVA soit une différence majeure avec la refacturation, la raison principale de l'interdiction est liée au contrôle et au risque."
227,tresorerie,"Trésorerie","Pourquoi l'utilisation de subventions est-elle interdite pour répartir les coûts d'un projet commun entre plusieurs Junior-Entreprises ?",3,"Car il est impossible de tracer comptablement une subvention entre deux associations.",0,"Il est tout à fait possible de tracer une subvention (un don) en comptabilité, mais ce n'est pas le processus adéquat pour une répartition de charges."
228,tresorerie,"Trésorerie","Quelle est la principale caractéristique d'une subvention dite 'commerciale' pour une Junior-Entreprise ?",0,"Elle provient obligatoirement d'une entreprise privée et non d'un organisme public.",0,"La nature de l'organisme (public ou privé) ne détermine pas le caractère commercial de la subvention."
228,tresorerie,"Trésorerie","Quelle est la principale caractéristique d'une subvention dite 'commerciale' pour une Junior-Entreprise ?",1,"Elle est accordée en contrepartie directe d'une prestation de service ou d'un avantage pour le financeur.",1,"C'est l'existence d'une contrepartie qui la distingue d'un don et la rend assimilable à une vente, la soumettant potentiellement à TVA."
228,tresorerie,"Trésorerie","Quelle est la principale caractéristique d'une subvention dite 'commerciale' pour une Junior-Entreprise ?",2,"Son montant doit être supérieur à un seuil défini par la CNJE.",0,"Le caractère commercial ne dépend pas du montant, mais de la nature de l'échange entre la Junior et le financeur."
228,tresorerie,"Trésorerie","Quelle est la principale caractéristique d'une subvention dite 'commerciale' pour une Junior-Entreprise ?",3,"Elle doit être utilisée exclusivement pour l'achat de matériel informatique.",0,"L'affectation de la dépense ne définit pas le caractère commercial de la subvention reçue."
229,tresorerie,"Trésorerie","En cas de remboursement partiel d'une étude à un client via un avoir, où doit être déclaré le montant de la TVA correspondante sur la déclaration de TVA ?",0,"En déduction directe du chiffre d'affaires déclaré (ligne A1).",0,"Le document précise que le montant remboursé ne doit pas être déduit du montant de la ligne A1."
229,tresorerie,"Trésorerie","En cas de remboursement partiel d'une étude à un client via un avoir, où doit être déclaré le montant de la TVA correspondante sur la déclaration de TVA ?",1,"En 'autre TVA à déduire' (ligne 21).",1,"Cette ligne permet de récupérer la TVA qui a été initialement collectée et reversée à l'État pour une prestation finalement annulée en partie."
229,tresorerie,"Trésorerie","En cas de remboursement partiel d'une étude à un client via un avoir, où doit être déclaré le montant de la TVA correspondante sur la déclaration de TVA ?",2,"Dans la case 'TVA antérieurement déduite à reverser' (ligne 15).",0,"Cette case sert à l'opération inverse, c'est-à-dire quand on doit rendre de la TVA que l'on avait déduite."
229,tresorerie,"Trésorerie","En cas de remboursement partiel d'une étude à un client via un avoir, où doit être déclaré le montant de la TVA correspondante sur la déclaration de TVA ?",3,"Nulle part, la TVA initialement collectée est perdue pour la Junior.",0,"Le mécanisme de l'avoir permet justement de ne pas perdre la TVA indûment versée."
230,tresorerie,"Trésorerie","Quel document, publié en mars 2025, entre en vigueur pour la campagne d'Audit-Conseil 2025-2026 et détaille les règles de trésorerie ?",0,"La Norme Junior-Entreprise 2025",0,"Ce document existe mais il s'agit du texte principal ; un autre document plus détaillé se focalise sur les normes."
230,tresorerie,"Trésorerie","Quel document, publié en mars 2025, entre en vigueur pour la campagne d'Audit-Conseil 2025-2026 et détaille les règles de trésorerie ?",1,"Le Tutoriel de TVA – Avril 2025",0,"Ce document est une ressource, mais il n'a pas le statut de norme officielle pour l'ensemble des règles de trésorerie."
230,tresorerie,"Trésorerie","Quel document, publié en mars 2025, entre en vigueur pour la campagne d'Audit-Conseil 2025-2026 et détaille les règles de trésorerie ?",2,"L'Annexe à la Norme Junior-Entreprise 2025",1,"L'avant-propos de ce document le présente explicitement comme l'annexe de 27 pages qui entre en vigueur à cette date pour cette campagne."
230,tresorerie,"Trésorerie","Quel document, publié en mars 2025, entre en vigueur pour la campagne d'Audit-Conseil 2025-2026 et détaille les règles de trésorerie ?",3,"Le Tableau de Suivi Centralisé (TSC) CNJE",0,"Le TSC est un outil de pilotage mis à disposition, pas le document normatif de référence."
231,tresorerie,"Trésorerie","Selon la Norme Trésorerie 2025, quel est le principe fondamental du contrôle interne au sein du pôle trésorerie ?",0,"L'intervention d'au moins deux personnes utilisant deux outils différents et séparés.",1,"L'Annexe de la Norme précise que le contrôle interne se traduit généralement par l'intervention de deux personnes a minima sur les sujets de trésorerie, utilisant des outils distincts pour assurer une vérification croisée."
231,tresorerie,"Trésorerie","Selon la Norme Trésorerie 2025, quel est le principe fondamental du contrôle interne au sein du pôle trésorerie ?",1,"Une validation mensuelle de toutes les opérations par le Président de la structure.",0,"Bien qu'une supervision soit utile, le principe de base du contrôle interne repose sur la séparation des tâches au quotidien pour prévenir les risques, et non sur un contrôle a posteriori uniquement."
231,tresorerie,"Trésorerie","Selon la Norme Trésorerie 2025, quel est le principe fondamental du contrôle interne au sein du pôle trésorerie ?",2,"L'utilisation d'un logiciel comptable unique et sécurisé accessible à toute l'équipe.",0,"Le principe de contrôle interne requiert justement l'usage d'outils différents et séparés pour permettre une comparaison et une vérification, plutôt qu'un outil unique centralisé."
231,tresorerie,"Trésorerie","Selon la Norme Trésorerie 2025, quel est le principe fondamental du contrôle interne au sein du pôle trésorerie ?",3,"La nomination d'un trésorier unique, certifié par un expert-comptable.",0,"La centralisation des pouvoirs sur une seule personne, même compétente, est contraire au principe de séparation des tâches qui fonde le contrôle interne."
232,tresorerie,"Trésorerie","Quelle est la durée minimale de conservation des documents comptables (grand livre, factures) pour une Junior-Entreprise ?",0,"3 ans",0,"Cette durée de trois ans s'applique aux déclaratifs sociaux comme les BRC, mais pas aux pièces comptables fondamentales."
232,tresorerie,"Trésorerie","Quelle est la durée minimale de conservation des documents comptables (grand livre, factures) pour une Junior-Entreprise ?",1,"5 ans",0,"La durée de cinq ans est souvent recommandée pour les documents d'étude pour se prémunir des litiges civils, mais le Code de commerce impose une durée plus longue pour les documents comptables."
232,tresorerie,"Trésorerie","Quelle est la durée minimale de conservation des documents comptables (grand livre, factures) pour une Junior-Entreprise ?",2,"10 ans",1,"L'article L.123-22 du Code de commerce, mentionné dans la documentation, impose une conservation de dix ans pour les livres et pièces comptables."
232,tresorerie,"Trésorerie","Quelle est la durée minimale de conservation des documents comptables (grand livre, factures) pour une Junior-Entreprise ?",3,"À vie",0,"La conservation à vie est une obligation spécifique aux Bulletins de Versement pour les droits à la retraite de l'étudiant, elle ne s'applique pas aux factures ou au grand livre."
233,tresorerie,"Trésorerie","Pour l'année civile 2025, quel est le seuil de rétribution nette cumulée à partir duquel une Junior-Entreprise doit déclarer un intervenant sur la DAS2 ?",0,"1 200 € net",0,"Ce montant correspond à l'ancien seuil. Une revalorisation a eu lieu, applicable à partir de la déclaration de l'année 2025."
233,tresorerie,"Trésorerie","Pour l'année civile 2025, quel est le seuil de rétribution nette cumulée à partir duquel une Junior-Entreprise doit déclarer un intervenant sur la DAS2 ?",1,"2 400 € net",1,"Le Bulletin officiel des finances publiques (BOFiP) a revalorisé ce seuil à 2 400 € net, applicable pour la DAS2 de l'année 2025 à déclarer en janvier 2026."
233,tresorerie,"Trésorerie","Pour l'année civile 2025, quel est le seuil de rétribution nette cumulée à partir duquel une Junior-Entreprise doit déclarer un intervenant sur la DAS2 ?",2,"2 400 € TTC",0,"Le seuil de 2 400 € TTC s'applique aux honoraires versés à des prestataires extérieurs (expert-comptable, avocat), mais le seuil pour les intervenants est en net."
233,tresorerie,"Trésorerie","Pour l'année civile 2025, quel est le seuil de rétribution nette cumulée à partir duquel une Junior-Entreprise doit déclarer un intervenant sur la DAS2 ?",3,"Il n'y a pas de seuil, tous les intervenants doivent être déclarés.",0,"La déclaration n'est obligatoire qu'à partir d'un certain montant pour alléger les démarches administratives. Si personne ne dépasse le seuil, aucune déclaration n'est à faire."
234,tresorerie,"Trésorerie","Quelle est la date limite pour déposer la déclaration DAS2 concernant les honoraires versés durant l'année civile N ?",0,"Le 31 décembre de l'année N.",0,"La déclaration se fait toujours après la fin de l'année civile concernée pour pouvoir compiler toutes les données."
234,tresorerie,"Trésorerie","Quelle est la date limite pour déposer la déclaration DAS2 concernant les honoraires versés durant l'année civile N ?",1,"Le 31 janvier de l'année N+1.",1,"La documentation KiwiLegal précise que la DAS2 est à remplir en ligne avant le 31 janvier de l'année suivant l'année civile écoulée."
234,tresorerie,"Trésorerie","Quelle est la date limite pour déposer la déclaration DAS2 concernant les honoraires versés durant l'année civile N ?",2,"Le 2ème jour ouvré qui suit le 1er mai N+1.",0,"Cette date correspond à la date limite de la déclaration annuelle de TVA ou de la liasse fiscale pour un exercice clôturant au 31/12, mais pas à celle de la DAS2."
234,tresorerie,"Trésorerie","Quelle est la date limite pour déposer la déclaration DAS2 concernant les honoraires versés durant l'année civile N ?",3,"Dans les 3 mois suivant la clôture de l'exercice.",0,"La DAS2 se base sur l'année civile (1er janvier au 31 décembre), indépendamment de la date de clôture de l'exercice comptable de la Junior."
235,tresorerie,"Trésorerie","Selon la Norme 2025, que doit faire une Junior-Entreprise mensuellement pour contrôler sa comptabilité ?",0,"Réaliser un inventaire des immobilisations.",0,"L'inventaire des immobilisations est une opération importante, mais elle est généralement réalisée annuellement lors de la clôture comptable."
235,tresorerie,"Trésorerie","Selon la Norme 2025, que doit faire une Junior-Entreprise mensuellement pour contrôler sa comptabilité ?",1,"Effectuer des états de rapprochement bancaire (ERB) et le lettrage des comptes.",1,"L'Annexe à la Norme Trésorerie B.3 précise que la comptabilité doit être contrôlée mensuellement via des ERB et le lettrage pour s'assurer qu'elle est à jour et correcte."
235,tresorerie,"Trésorerie","Selon la Norme 2025, que doit faire une Junior-Entreprise mensuellement pour contrôler sa comptabilité ?",2,"Envoyer une balance générale à la CNJE pour validation.",0,"La production d'une balance est une bonne pratique, mais le contrôle est une procédure interne. Il n'y a pas d'obligation d'envoi mensuel à la CNJE."
235,tresorerie,"Trésorerie","Selon la Norme 2025, que doit faire une Junior-Entreprise mensuellement pour contrôler sa comptabilité ?",3,"Calculer une estimation de l'Impôt sur les Sociétés (IS) à payer.",0,"Le calcul de l'IS se fait généralement lors de la clôture des comptes, bien que des acomptes puissent être versés. Le contrôle mensuel se concentre sur la fiabilité des écritures courantes."
236,tresorerie,"Trésorerie","Quelle procédure de sécurité est requise lorsqu'une personne détentrice des pouvoirs bancaires (ordonnateur) doit recevoir un paiement de la part de sa propre Junior-Entreprise ?",0,"La personne doit attendre la fin de son mandat pour être payée.",0,"Le paiement peut avoir lieu pendant le mandat, mais il doit suivre une procédure de contrôle renforcée pour éviter les conflits d'intérêts."
236,tresorerie,"Trésorerie","Quelle procédure de sécurité est requise lorsqu'une personne détentrice des pouvoirs bancaires (ordonnateur) doit recevoir un paiement de la part de sa propre Junior-Entreprise ?",1,"Le paiement doit être approuvé en Assemblée Générale.",0,"Une validation en AG serait trop lourde et n'est pas requise pour chaque paiement. Le contrôle doit être plus opérationnel et systématique."
236,tresorerie,"Trésorerie","Quelle procédure de sécurité est requise lorsqu'une personne détentrice des pouvoirs bancaires (ordonnateur) doit recevoir un paiement de la part de sa propre Junior-Entreprise ?",2,"La mise en place d'une procédure de surveillance, comme le contrôle par un tiers supplémentaire.",1,"L'Annexe de la Norme (II. A. 2) et KiwiLegal spécifient qu'une 'procédure de surveillance des signataires' doit être mise en place, se manifestant par le contrôle d'un tiers."
236,tresorerie,"Trésorerie","Quelle procédure de sécurité est requise lorsqu'une personne détentrice des pouvoirs bancaires (ordonnateur) doit recevoir un paiement de la part de sa propre Junior-Entreprise ?",3,"Aucune procédure spécifique n'est nécessaire si le montant est inférieur à 300 €.",0,"La procédure de surveillance est une question de principe pour prévenir les conflits d'intérêts et ne dépend pas du montant de la transaction."
237,tresorerie,"Trésorerie","Quelle mention une Junior-Entreprise au régime de la franchise en base de TVA doit-elle obligatoirement faire figurer sur ses factures ?",0,"'Exonération de TVA – art. 261 du CGI'",0,"L'article 261 du CGI concerne les exonérations liées à certaines activités (formation, santé...), ce qui est différent de la franchise en base liée au chiffre d'affaires."
237,tresorerie,"Trésorerie","Quelle mention une Junior-Entreprise au régime de la franchise en base de TVA doit-elle obligatoirement faire figurer sur ses factures ?",1,"'TVA sur les encaissements'",0,"Cette mention est obligatoire pour les structures qui collectent la TVA, pour préciser le fait générateur. Elle ne s'applique pas à celles qui en sont dispensées."
237,tresorerie,"Trésorerie","Quelle mention une Junior-Entreprise au régime de la franchise en base de TVA doit-elle obligatoirement faire figurer sur ses factures ?",2,"'TVA non applicable – art. 293 B du CGI'",1,"C'est la mention légale exacte requise par le Code Général des Impôts pour les entreprises bénéficiant de la franchise en base, justifiant l'absence de TVA sur la facture."
237,tresorerie,"Trésorerie","Quelle mention une Junior-Entreprise au régime de la franchise en base de TVA doit-elle obligatoirement faire figurer sur ses factures ?",3,"Aucune mention n'est requise, il suffit de ne pas faire apparaître de ligne de TVA.",0,"L'absence de TVA doit être justifiée légalement sur la facture. Ne rien mentionner est une erreur qui peut être sanctionnée."
238,tresorerie,"Trésorerie","Quelle est la durée de conservation obligatoire pour un Bulletin de Versement (BV) ?",0,"3 ans, comme les déclaratifs sociaux.",0,"Bien que le BV soit lié aux cotisations sociales, sa durée de conservation suit une règle beaucoup plus stricte pour une raison précise."
238,tresorerie,"Trésorerie","Quelle est la durée de conservation obligatoire pour un Bulletin de Versement (BV) ?",1,"10 ans, comme les pièces comptables.",0,"Cette durée s'applique aux factures et documents généraux, mais le BV a un statut particulier en raison de son impact sur l'étudiant."
238,tresorerie,"Trésorerie","Quelle est la durée de conservation obligatoire pour un Bulletin de Versement (BV) ?",2,"À vie (ou jusqu'au départ à la retraite de l'étudiant).",1,"L'article D3243-8 du Code du travail est cité, imposant cette très longue durée de conservation car le BV sert de preuve pour les droits à la retraite de l'étudiant."
238,tresorerie,"Trésorerie","Quelle est la durée de conservation obligatoire pour un Bulletin de Versement (BV) ?",3,"5 ans, comme les documents d'étude.",0,"La conservation des documents d'étude pendant 5 ans vise à se protéger en cas de litige, tandis que celle du BV a une finalité sociale pour l'étudiant."
239,tresorerie,"Trésorerie","Dans quel cas une Junior-Entreprise doit-elle produire une Déclaration Européenne de Services (DES) ?",0,"Lorsqu'elle achète un bien à un fournisseur situé dans l'Union Européenne.",0,"La DES concerne les ventes de services, pas les achats de biens. Les achats de biens intracommunautaires sont gérés différemment sur la déclaration de TVA."
239,tresorerie,"Trésorerie","Dans quel cas une Junior-Entreprise doit-elle produire une Déclaration Européenne de Services (DES) ?",1,"Lorsqu'elle réalise une prestation de service pour un client situé en dehors de l'Union Européenne.",0,"La DES, comme son nom l'indique, ne concerne que les échanges au sein de l'Union Européenne."
239,tresorerie,"Trésorerie","Dans quel cas une Junior-Entreprise doit-elle produire une Déclaration Européenne de Services (DES) ?",2,"Lorsqu'elle réalise une prestation de service pour un client assujetti à la TVA dans un autre État membre de l'UE.",1,"La DES est obligatoire pour informer l'administration fiscale des services fournis à des professionnels dans l'UE, dans le cadre du mécanisme d'autoliquidation de la TVA par le client."
239,tresorerie,"Trésorerie","Dans quel cas une Junior-Entreprise doit-elle produire une Déclaration Européenne de Services (DES) ?",3,"Lorsqu'elle verse des rétributions à un étudiant d'une autre nationalité européenne.",0,"La DES est liée à la facturation de prestations de services à des clients, et non au paiement des intervenants."
240,tresorerie,"Trésorerie","Quel est le plafond de rétribution par Jour-Étude Homme (JEH) qu'une Junior-Entreprise pouvait verser à un intervenant en 2025 ?",0,"Il n'y a pas de plafond par JEH, seulement un plafond annuel par intervenant.",0,"Il existe bien un plafond par JEH, qui est un critère pour conserver l'assiette forfaitaire de cotisations sociales, en plus d'autres limitations."
240,tresorerie,"Trésorerie","Quel est le plafond de rétribution par Jour-Étude Homme (JEH) qu'une Junior-Entreprise pouvait verser à un intervenant en 2025 ?",1,"Le montant du SMIC horaire.",0,"Le plafond n'est pas directement indexé sur le SMIC horaire, mais sur le plafond journalier de la Sécurité Sociale, et il est exprimé en montant fixe par JEH."
240,tresorerie,"Trésorerie","Quel est le plafond de rétribution par Jour-Étude Homme (JEH) qu'une Junior-Entreprise pouvait verser à un intervenant en 2025 ?",2,"300 €",1,"Les documents KiwiLegal mentionnent à plusieurs reprises qu'il est possible de rétribuer les intervenants jusqu'à un maximum de 300 € pour chaque JEH attribué en 2025."
240,tresorerie,"Trésorerie","Quel est le plafond de rétribution par Jour-Étude Homme (JEH) qu'une Junior-Entreprise pouvait verser à un intervenant en 2025 ?",3,"280 €",0,"Ce montant était le plafond en vigueur pour les années 2021-2022, il a été revalorisé depuis."
241,tresorerie,"Trésorerie","Si une Junior-Entreprise qui clôture son exercice au 30 juin passe au régime réel normal de TVA, quand doit-elle déposer sa première déclaration mensuelle de TVA ?",0,"Pour le mois de juillet, à déposer avant le 24 août.",0,"La première déclaration après un changement de régime pour un exercice débutant en juillet couvre une période plus longue que le premier mois seul."
241,tresorerie,"Trésorerie","Si une Junior-Entreprise qui clôture son exercice au 30 juin passe au régime réel normal de TVA, quand doit-elle déposer sa première déclaration mensuelle de TVA ?",1,"Pour le mois de juin, à déposer avant le 24 juillet.",0,"Le mois de juin appartient à l'exercice précédent et à l'ancien régime de TVA ; la nouvelle déclaration concerne le nouvel exercice."
241,tresorerie,"Trésorerie","Si une Junior-Entreprise qui clôture son exercice au 30 juin passe au régime réel normal de TVA, quand doit-elle déposer sa première déclaration mensuelle de TVA ?",2,"Pour la période de juillet à septembre, à déposer avant le 24 octobre.",1,"KiwiLegal explique que pour un exercice débutant le 1er juillet, la première déclaration au réel normal regroupe les opérations de juillet à septembre, même si le rythme devient ensuite mensuel."
241,tresorerie,"Trésorerie","Si une Junior-Entreprise qui clôture son exercice au 30 juin passe au régime réel normal de TVA, quand doit-elle déposer sa première déclaration mensuelle de TVA ?",3,"Pour l'ensemble du premier semestre, à déposer avant le 24 janvier N+1.",0,"Le régime réel normal implique des déclarations beaucoup plus fréquentes qu'une déclaration semestrielle."
242,tresorerie,"Trésorerie","Que doit impérativement faire une Junior-Entreprise AVANT de payer la rétribution à ses intervenants ?",0,"Recevoir le paiement intégral de la part du client.",1,"Le Code de la Déontologie et la loi précisent que la rétribution des intervenants est conditionnée au paiement par le client, renforçant le modèle de non-employeur."
242,tresorerie,"Trésorerie","Que doit impérativement faire une Junior-Entreprise AVANT de payer la rétribution à ses intervenants ?",1,"Clôturer comptablement la mission.",0,"La clôture comptable de la mission (passage des écritures de cut-off, etc.) peut être faite après le paiement. L'élément déclencheur du paiement de l'intervenant est l'encaissement."
242,tresorerie,"Trésorerie","Que doit impérativement faire une Junior-Entreprise AVANT de payer la rétribution à ses intervenants ?",2,"Faire valider le Bulletin de Versement par la CNJE.",0,"L'émission et la validation des BV sont de la responsabilité de la Junior-Entreprise. Il n'y a pas de processus de validation systématique par la CNJE."
242,tresorerie,"Trésorerie","Que doit impérativement faire une Junior-Entreprise AVANT de payer la rétribution à ses intervenants ?",3,"Signer le Procès-Verbal de Recette (PVR) avec le client.",0,"La signature du PVR valide la fin de la mission et déclenche la facturation, mais c'est bien l'encaissement de cette facture qui autorise le paiement des étudiants."
243,tresorerie,"Trésorerie","Sur quelle base de temps la DAS2 doit-elle être préparée ?",0,"L'exercice comptable de la Junior-Entreprise.",0,"Contrairement à la liasse fiscale, la DAS2 ne suit pas le calendrier de l'exercice comptable de la structure."
243,tresorerie,"Trésorerie","Sur quelle base de temps la DAS2 doit-elle être préparée ?",1,"L'année universitaire (septembre N à août N+1).",0,"Les déclarations fiscales et sociales en France sont très majoritairement basées sur un autre calendrier de référence."
243,tresorerie,"Trésorerie","Sur quelle base de temps la DAS2 doit-elle être préparée ?",2,"L'année civile (1er janvier au 31 décembre).",1,"La documentation précise que la DAS2 répertorie les sommes versées sur l'année civile, et que la déclaration se fait avant le 31 janvier de l'année civile suivante."
243,tresorerie,"Trésorerie","Sur quelle base de temps la DAS2 doit-elle être préparée ?",3,"La durée du mandat de l'équipe en place.",0,"Le changement de mandat n'a pas d'impact sur le calendrier de cette déclaration, qui est fixé par l'administration fiscale."
244,tresorerie,"Trésorerie","À quelle condition le Tableau Récapitulatif (TR) annuel est-il encore obligatoire à partir de janvier 2025 ?",0,"Il n'est plus jamais obligatoire, il est remplacé par la DSN.",0,"Le TR n'est plus systématique, mais il conserve un rôle dans un cas de figure précis. Il n'est pas remplacé par la DSN dans le modèle JE."
244,tresorerie,"Trésorerie","À quelle condition le Tableau Récapitulatif (TR) annuel est-il encore obligatoire à partir de janvier 2025 ?",1,"Il reste obligatoire pour toutes les Juniors réalisant plus de 70 000 € de chiffre d'affaires.",0,"L'obligation n'est pas liée au chiffre d'affaires mais à la qualité des déclarations mensuelles."
244,tresorerie,"Trésorerie","À quelle condition le Tableau Récapitulatif (TR) annuel est-il encore obligatoire à partir de janvier 2025 ?",2,"Uniquement s'il y a eu des erreurs sur les Bulletins Récapitulatifs de Cotisations (BRC) de l'année.",1,"KiwiLegal explique qu'à partir de 2025, le TR sert de déclaration rectificative et n'est à réaliser avant le 31 janvier que pour corriger des erreurs commises dans les BRC mensuels."
244,tresorerie,"Trésorerie","À quelle condition le Tableau Récapitulatif (TR) annuel est-il encore obligatoire à partir de janvier 2025 ?",3,"Il est obligatoire uniquement si la Junior a versé des rétributions à plus de 50 intervenants.",0,"Le critère d'obligation n'est pas le nombre d'intervenants, mais la nécessité de corriger des déclarations de cotisations sociales."
245,tresorerie,"Trésorerie","Sur quelle base la TVA est-elle exigible pour une Junior-Entreprise ?",0,"Sur les débits, c'est-à-dire à la date d'émission de la facture.",0,"La TVA sur les débits est une option possible pour les prestataires de services, mais le régime par défaut pour les Juniors est différent."
245,tresorerie,"Trésorerie","Sur quelle base la TVA est-elle exigible pour une Junior-Entreprise ?",1,"Sur les encaissements, c'est-à-dire à la date de paiement du client.",1,"KiwiLegal rappelle que les Junior-Entreprises sont soumises à la TVA sur les encaissements, ce qui signifie que la TVA n'est due à l'État qu'une fois que la Junior a reçu l'argent du client."
245,tresorerie,"Trésorerie","Sur quelle base la TVA est-elle exigible pour une Junior-Entreprise ?",2,"À la date de signature du Procès-Verbal de Recette (PVR).",0,"La signature du PVR marque la fin de la prestation et autorise la facturation, mais ce n'est ni la date de facturation ni la date de paiement qui déterminent l'exigibilité de la TVA."
245,tresorerie,"Trésorerie","Sur quelle base la TVA est-elle exigible pour une Junior-Entreprise ?",3,"Au dernier jour du mois de réalisation de la prestation.",0,"Cette règle pourrait s'appliquer pour certains services continus, mais pour les Juniors, l'événement déclencheur est lié au flux financier."
246,tresorerie,"Trésorerie","Quelle est la durée de conservation minimale recommandée pour la DAS2 ?",0,"3 ans",0,"Cette durée s'applique à d'autres documents sociaux, mais l'administration fiscale peut contrôler sur une période plus longue pour ce type de déclaration."
246,tresorerie,"Trésorerie","Quelle est la durée de conservation minimale recommandée pour la DAS2 ?",1,"10 ans",0,"Cette durée est celle des documents comptables, mais une durée différente est spécifiée pour la DAS2."
246,tresorerie,"Trésorerie","Quelle est la durée de conservation minimale recommandée pour la DAS2 ?",2,"À vie",0,"Cette durée de conservation exceptionnelle est réservée aux Bulletins de Versement."
246,tresorerie,"Trésorerie","Quelle est la durée de conservation minimale recommandée pour la DAS2 ?",3,"6 ans",1,"KiwiLegal indique que la DAS2 est à conserver pendant au moins 6 ans, ce qui correspond au délai de reprise de l'administration fiscale en matière d'impôts directs."
247,tresorerie,"Trésorerie","Qui sont les 'ordonnateur·rice·s' des dépenses dans une Junior-Entreprise ?",0,"Les chefs de projet qui gèrent les budgets des études.",0,"Les chefs de projet suivent les budgets, mais n'ont généralement pas le pouvoir d'engager financièrement la structure en effectuant des paiements depuis le compte bancaire."
247,tresorerie,"Trésorerie","Qui sont les 'ordonnateur·rice·s' des dépenses dans une Junior-Entreprise ?",1,"L'expert-comptable de l'association.",0,"L'expert-comptable contrôle et conseille, mais n'a pas le pouvoir de décider et d'exécuter les dépenses de la Junior."
247,tresorerie,"Trésorerie","Qui sont les 'ordonnateur·rice·s' des dépenses dans une Junior-Entreprise ?",2,"Les personnes détentrices des pouvoirs bancaires, pouvant engager des dépenses au nom de la structure.",1,"L'Annexe à la Norme (page 19) définit clairement les ordonnateurs comme les personnes ayant les pouvoirs sur le compte bancaire, typiquement le Président et le Trésorier."
247,tresorerie,"Trésorerie","Qui sont les 'ordonnateur·rice·s' des dépenses dans une Junior-Entreprise ?",3,"Tous les membres du Conseil d'Administration collectivement.",0,"Le Conseil d'Administration peut valider des budgets ou des dépenses stratégiques, mais les 'ordonnateurs' sont ceux qui ont le pouvoir d'exécuter les paiements au quotidien."
248,tresorerie,"Trésorerie","Qu'est-ce que le 'lettrage' en comptabilité ?",0,"La rédaction des commentaires pour chaque écriture comptable.",0,"Ajouter des libellés clairs est important, mais le lettrage est une opération technique spécifique."
248,tresorerie,"Trésorerie","Qu'est-ce que le 'lettrage' en comptabilité ?",1,"L'envoi des lettres de relance aux clients qui n'ont pas payé.",0,"Ceci est une action du processus de recouvrement, pas une opération comptable interne."
248,tresorerie,"Trésorerie","Qu'est-ce que le 'lettrage' en comptabilité ?",2,"L'opération qui consiste à faire correspondre un ou plusieurs débits avec un ou plusieurs crédits.",1,"Le lettrage permet de pointer les opérations qui se soldent, par exemple une facture client (crédit au compte client) et son règlement (débit au compte client), pour suivre ce qui reste dû."
248,tresorerie,"Trésorerie","Qu'est-ce que le 'lettrage' en comptabilité ?",3,"La classification des comptes comptables selon le plan comptable général.",0,"Ceci correspond à la codification ou à l'imputation comptable, qui est une étape préalable à l'enregistrement des écritures."
249,tresorerie,"Trésorerie","Une Junior-Entreprise peut-elle faire des dons à d'autres associations ?",0,"Non, c'est strictement interdit par la CNJE.",0,"Ce n'est pas interdit, mais c'est une pratique très encadrée pour éviter les abus et préserver la gestion désintéressée."
249,tresorerie,"Trésorerie","Une Junior-Entreprise peut-elle faire des dons à d'autres associations ?",1,"Oui, sans aucune restriction tant que cela est validé en AG.",0,"La validation en AG est une bonne pratique, mais elle n'est pas suffisante. Il existe des règles légales et des exigences de la CNJE à respecter."
249,tresorerie,"Trésorerie","Une Junior-Entreprise peut-elle faire des dons à d'autres associations ?",2,"Oui, à condition que cela respecte les règles légales et les exigences de la CNJE.",1,"La Norme Trésorerie 2025 (A.4) précise que les dons sont possibles mais doivent respecter un cadre strict pour être conformes."
249,tresorerie,"Trésorerie","Une Junior-Entreprise peut-elle faire des dons à d'autres associations ?",3,"Oui, mais uniquement à des associations reconnues d'utilité publique.",0,"Faire un don à une association reconnue d'utilité publique peut ouvrir droit à une réduction d'impôt, mais ce n'est pas une condition obligatoire pour qu'une Junior puisse faire un don."
250,tresorerie,"Trésorerie","À quoi sert le ratio de solidité financière ($$\frac{\text{Capitaux propres}}{\text{Charges fixes incompressibles}}$$) ?",0,"À calculer le montant de l'Impôt sur les Sociétés.",0,"L'Impôt sur les Sociétés est calculé sur le résultat fiscal, qui est un concept différent de ce ratio de structure financière."
250,tresorerie,"Trésorerie","À quoi sert le ratio de solidité financière ($$\frac{\text{Capitaux propres}}{\text{Charges fixes incompressibles}}$$) ?",1,"À déterminer le nombre maximum de JEH réalisables dans l'année.",0,"Ce ratio est un indicateur de la santé financière et de la capacité de la structure à faire face à ses obligations, pas un indicateur d'activité commerciale."
250,tresorerie,"Trésorerie","À quoi sert le ratio de solidité financière ($$\frac{\text{Capitaux propres}}{\text{Charges fixes incompressibles}}$$) ?",2,"À évaluer la capacité de la structure à couvrir ses charges fixes avec ses fonds propres en cas de difficulté.",1,"L'Annexe de la Norme (C.1) indique que la structure doit avoir des capitaux propres suffisants. Ce ratio mesure combien de 'temps' la Junior pourrait survivre sans revenus."
250,tresorerie,"Trésorerie","À quoi sert le ratio de solidité financière ($$\frac{\text{Capitaux propres}}{\text{Charges fixes incompressibles}}$$) ?",3,"À fixer le prix de vente des prestations.",0,"Le prix de vente est déterminé par des considérations de marché, de coûts de mission et de stratégie commerciale, pas directement par ce ratio."
251,tresorerie,"Trésorerie","Sur quel site gouvernemental la déclaration de TVA doit-elle être effectuée ?",0,urssaf.fr,0,"Le site de l'URSSAF sert à déclarer et payer les cotisations sociales (BRC), mais pas les impôts et taxes comme la TVA."
251,tresorerie,"Trésorerie","Sur quel site gouvernemental la déclaration de TVA doit-elle être effectuée ?",1,douane.gouv.fr,0,"Le site des douanes est utilisé pour la Déclaration Européenne de Services (DES), mais pas pour la déclaration de TVA française elle-même."
251,tresorerie,"Trésorerie","Sur quel site gouvernemental la déclaration de TVA doit-elle être effectuée ?",2,impots.gouv.fr,1,"Le 'Tutoriel TVA 2024' et les articles KiwiLegal confirment que la TVA, ainsi que la DAS2 et l'IS, se déclarent sur le site de la Direction Générale des Finances Publiques."
251,tresorerie,"Trésorerie","Sur quel site gouvernemental la déclaration de TVA doit-elle être effectuée ?",3,service-public.fr,0,"Ce site est un portail d'information sur les démarches administratives, mais pas la plateforme pour effectuer les déclarations fiscales des entreprises."
252,tresorerie,"Trésorerie","Une Junior-Entreprise achète du matériel informatique pour 2 000€ HT. Quelle est la durée d'amortissement comptable standard pour ce type de bien ?",0,"1 an",0,"Une durée d'un an correspondrait à passer l'achat en charge directement, or le matériel informatique est considéré comme une immobilisation destinée à durer."
252,tresorerie,"Trésorerie","Une Junior-Entreprise achète du matériel informatique pour 2 000€ HT. Quelle est la durée d'amortissement comptable standard pour ce type de bien ?",1,"3 ans",1,"KiwiLegal donne un exemple pratique et liste les durées d'amortissement classiques, indiquant 3 ans pour le matériel informatique."
252,tresorerie,"Trésorerie","Une Junior-Entreprise achète du matériel informatique pour 2 000€ HT. Quelle est la durée d'amortissement comptable standard pour ce type de bien ?",2,"5 ans",0,"Cette durée est plus commune pour du matériel industriel ou des agencements, pas pour du matériel informatique dont l'obsolescence est plus rapide."
252,tresorerie,"Trésorerie","Une Junior-Entreprise achète du matériel informatique pour 2 000€ HT. Quelle est la durée d'amortissement comptable standard pour ce type de bien ?",3,"10 ans",0,"Une durée de 10 ans est typique pour du mobilier ou des bâtiments, mais beaucoup trop longue pour du matériel informatique."
253,tresorerie,"Trésorerie","Quel document comptable permet de visualiser l'ensemble des mouvements (débits et crédits) pour un compte donné sur une période ?",0,"Le bilan.",0,"Le bilan est une 'photographie' du patrimoine de la structure à un instant T (actif et passif), il ne montre pas le détail des mouvements."
253,tresorerie,"Trésorerie","Quel document comptable permet de visualiser l'ensemble des mouvements (débits et crédits) pour un compte donné sur une période ?",1,"Le compte de résultat.",0,"Le compte de résultat synthétise les produits et les charges de l'exercice pour déterminer le résultat, mais ne détaille pas les mouvements par compte."
253,tresorerie,"Trésorerie","Quel document comptable permet de visualiser l'ensemble des mouvements (débits et crédits) pour un compte donné sur une période ?",2,"La balance générale.",0,"La balance générale liste tous les comptes avec leur solde (débiteur ou créditeur) à une date donnée, mais pas le détail des écritures qui ont mené à ce solde."
253,tresorerie,"Trésorerie","Quel document comptable permet de visualiser l'ensemble des mouvements (débits et crédits) pour un compte donné sur une période ?",3,"Le grand livre.",1,"Le grand livre est le document qui reprend toutes les écritures du journal et les classe par compte, présentant ainsi l'historique de chaque compte (clients, fournisseurs, banque, etc.)."
254,tresorerie,"Trésorerie","Qu'est-ce qu'une immobilisation en comptabilité ?",0,"Tout achat d'un montant supérieur à 500 € HT.",0,"Il existe un seuil fiscal (500 € HT) pour tolérer le passage en charge de biens durables, mais la définition comptable d'une immobilisation ne repose pas uniquement sur son prix."
254,tresorerie,"Trésorerie","Qu'est-ce qu'une immobilisation en comptabilité ?",1,"Un bien ou un service destiné à être revendu en l'état.",0,"Ceci est la définition d'un stock de marchandises, pas d'une immobilisation."
254,tresorerie,"Trésorerie","Qu'est-ce qu'une immobilisation en comptabilité ?",2,"Un bien destiné à servir de façon durable à l'activité de la structure.",1,"Une immobilisation est un élément de l'actif destiné à rester durablement dans l'entreprise (plus d'un exercice comptable) pour être utilisé dans le cadre de son activité."
254,tresorerie,"Trésorerie","Qu'est-ce qu'une immobilisation en comptabilité ?",3,"L'ensemble des liquidités disponibles sur le compte bancaire.",0,"Les liquidités sont des actifs circulants, pas des immobilisations, car leur nature est d'être utilisées à court terme."
255,tresorerie,"Trésorerie","Quelle est la date à prendre en compte pour déclarer les cotisations sociales dans un BRC lors du paiement d'un intervenant par chèque ?",0,"La date d'encaissement du chèque par l'étudiant.",0,"L'URSSAF se base sur l'événement qui crée la 'dette' de la Junior envers l'intervenant, pas sur le moment où l'intervenant dispose effectivement des fonds."
255,tresorerie,"Trésorerie","Quelle est la date à prendre en compte pour déclarer les cotisations sociales dans un BRC lors du paiement d'un intervenant par chèque ?",1,"La date de signature du Récapitulatif de Mission.",0,"Le RM est l'accord initial, mais les cotisations sont dues au moment du paiement, pas de l'engagement."
255,tresorerie,"Trésorerie","Quelle est la date à prendre en compte pour déclarer les cotisations sociales dans un BRC lors du paiement d'un intervenant par chèque ?",2,"La date d'émission du bulletin de versement.",1,"La FAQ de KiwiLegal clarifie que c'est la date d'émission du BV qui fait foi pour la déclaration des cotisations à l'URSSAF, car c'est à ce moment que la rétribution est officiellement attribuée."
255,tresorerie,"Trésorerie","Quelle est la date à prendre en compte pour déclarer les cotisations sociales dans un BRC lors du paiement d'un intervenant par chèque ?",3,"Le dernier jour du mois où le chèque a été émis.",0,"La déclaration doit se faire sur la base de la date exacte de l'événement générateur, qui est l'émission du BV, et non une date de fin de mois."
256,tresorerie,"Trésorerie","Dans le cadre de la gestion d'un partenariat ou d'un regroupement de Juniors, qu'est-ce qui est considéré comme essentiel pour la gestion financière ?",0,"La centralisation de la trésorerie sur une seule des Juniors partenaires.",0,"Cela créerait une dépendance et des risques. La gestion doit être concertée, mais pas forcément centralisée de cette manière."
256,tresorerie,"Trésorerie","Dans le cadre de la gestion d'un partenariat ou d'un regroupement de Juniors, qu'est-ce qui est considéré comme essentiel pour la gestion financière ?",1,"La mise en place de processus (achat, vente) et d'un contrôle interne validés par toutes les parties.",1,"KiwiLegal souligne que la gestion financière d'un regroupement s'apparente à celle d'une association à part entière et nécessite un contrôle interne et des processus clairs et partagés."
256,tresorerie,"Trésorerie","Dans le cadre de la gestion d'un partenariat ou d'un regroupement de Juniors, qu'est-ce qui est considéré comme essentiel pour la gestion financière ?",2,"La signature d'un contrat de sous-traitance systématique entre les Juniors.",0,"La sous-traitance est une modalité possible, mais l'élément clé de la gestion financière est la mise en place de processus de contrôle communs, quelle que soit la forme juridique du partenariat."
256,tresorerie,"Trésorerie","Dans le cadre de la gestion d'un partenariat ou d'un regroupement de Juniors, qu'est-ce qui est considéré comme essentiel pour la gestion financière ?",3,"L'intervention d'un auditeur externe pour chaque projet commun.",0,"Faire appel à un auditeur externe est une mesure lourde et non requise. La gestion repose sur la mise en place de contrôles internes par les Juniors elles-mêmes."
257,tresorerie,"Trésorerie","Selon la documentation, qu'est-ce que l'e-reporting, complémentaire à la facturation électronique ?",0,"Un rapport annuel sur la performance électronique de la Junior à envoyer à la CNJE.",0,"L'e-reporting est une obligation fiscale de transmission de données, pas un reporting interne au Mouvement."
257,tresorerie,"Trésorerie","Selon la documentation, qu'est-ce que l'e-reporting, complémentaire à la facturation électronique ?",1,"La transmission à l'administration fiscale des données de transactions non concernées par la facturation électronique.",1,"KiwiLegal le définit comme la transmission des données de transactions avec des non-assujettis (BtoC) ou des opérateurs étrangers, qui ne sont pas couvertes par l'e-invoicing."
257,tresorerie,"Trésorerie","Selon la documentation, qu'est-ce que l'e-reporting, complémentaire à la facturation électronique ?",2,"Le processus de déclaration de la TVA entièrement en ligne.",0,"La déclaration en ligne existe déjà. L'e-reporting est une transmission de données de transactions en amont, qui permettra à terme de pré-remplir la déclaration de TVA."
257,tresorerie,"Trésorerie","Selon la documentation, qu'est-ce que l'e-reporting, complémentaire à la facturation électronique ?",3,"L'archivage électronique sécurisé de toutes les factures de vente.",0,"L'archivage électronique est une obligation, mais l'e-reporting est un processus de transmission de données actives à l'administration, pas seulement de stockage."
258,tresorerie,"Trésorerie","Quelle est la première échéance majeure pour la mise en place de la facturation électronique pour les Junior-Entreprises ?",0,"1er janvier 2025",0,"Cette date est passée ou trop proche, la réforme a été planifiée avec des échéances ultérieures."
258,tresorerie,"Trésorerie","Quelle est la première échéance majeure pour la mise en place de la facturation électronique pour les Junior-Entreprises ?",1,"1er septembre 2026",1,"KiwiLegal mentionne le 1er septembre 2026 comme première échéance pour l'obligation de réception des factures électroniques pour toutes les entreprises, et d'émission pour les grandes entreprises."
258,tresorerie,"Trésorerie","Quelle est la première échéance majeure pour la mise en place de la facturation électronique pour les Junior-Entreprises ?",2,"1er janvier 2027",0,"Des échéances sont prévues après 2026 pour l'obligation d'émission par les PME et TPE, mais la première étape importante est avant."
258,tresorerie,"Trésorerie","Quelle est la première échéance majeure pour la mise en place de la facturation électronique pour les Junior-Entreprises ?",3,"31 décembre 2025",0,"Les échéances de cette réforme fiscale sont fixées en fonction d'étapes de déploiement progressif, pas à la fin d'une année civile."
259,tresorerie,"Trésorerie","Une Junior-Entreprise doit-elle déclarer les gratifications de stage dans la DAS2 ?",0,"Oui, si le montant cumulé dépasse 2 400 €.",0,"Même si le montant est élevé, la nature de la somme versée est le critère déterminant pour la DAS2."
259,tresorerie,"Trésorerie","Une Junior-Entreprise doit-elle déclarer les gratifications de stage dans la DAS2 ?",1,"Non, car les gratifications de stage ne sont pas considérées comme des honoraires.",1,"KiwiLegal précise explicitement que les gratifications de stage ne sont pas des honoraires et ne sont donc pas à déclarer dans la DAS2, qui concerne les rétributions d'intervenants et les honoraires de prestataires."
259,tresorerie,"Trésorerie","Une Junior-Entreprise doit-elle déclarer les gratifications de stage dans la DAS2 ?",2,"Oui, mais uniquement la partie qui dépasse le seuil d'exonération de cotisations sociales.",0,"Les règles de la DAS2 sont distinctes de celles de l'exonération des cotisations sociales sur les gratifications de stage."
259,tresorerie,"Trésorerie","Une Junior-Entreprise doit-elle déclarer les gratifications de stage dans la DAS2 ?",3,"Non, car les stagiaires ne sont pas étudiants de l'établissement.",0,"Même si le stagiaire est étudiant, la nature de sa gratification l'exclut du champ de la DAS2. La raison n'est pas son statut mais la nature de la somme versée."
260,tresorerie,"Trésorerie","Quel est le but de la 'procédure de surveillance des signataires' ?",0,"Vérifier que les signataires des contrats clients sont bien les représentants légaux.",0,"Cette procédure est interne à la Junior et concerne la gestion financière, pas la validation des contrats commerciaux."
260,tresorerie,"Trésorerie","Quel est le but de la 'procédure de surveillance des signataires' ?",1,"S'assurer que les personnes ayant les pouvoirs bancaires ne peuvent pas autoriser un paiement à leur propre bénéfice sans contrôle.",1,"KiwiLegal explique que cette 'sécurité' supplémentaire est nécessaire quand une personne ayant les droits en banque est amenée à recevoir de l'argent (via BV ou note de frais) pour éviter les conflits d'intérêts."
260,tresorerie,"Trésorerie","Quel est le but de la 'procédure de surveillance des signataires' ?",2,"Contrôler la signature des documents d'étude pour s'assurer de leur conformité.",0,"La conformité des documents d'étude relève du pôle Qualité. Cette procédure est spécifiquement liée au risque financier et aux pouvoirs bancaires."
260,tresorerie,"Trésorerie","Quel est le but de la 'procédure de surveillance des signataires' ?",3,"Limiter le nombre de personnes ayant le droit de signer les chèques.",0,"Limiter le nombre de signataires est une bonne pratique, mais la procédure de surveillance s'applique à ceux qui ont ce droit, quel que soit leur nombre."
261,tresorerie,"Trésorerie","En plus des intervenants, quelles autres personnes ou entités doivent être déclarées sur la DAS2 si leurs honoraires dépassent le seuil fixé ?",0,"Les fournisseurs de matériel informatique.",0,"L'achat de biens n'est pas considéré comme des honoraires et ne figure pas dans la DAS2."
261,tresorerie,"Trésorerie","En plus des intervenants, quelles autres personnes ou entités doivent être déclarées sur la DAS2 si leurs honoraires dépassent le seuil fixé ?",1,"Les prestataires extérieurs comme l'expert-comptable ou un avocat.",1,"KiwiLegal et l'Annexe de la Norme précisent que les honoraires versés aux prestataires extérieurs (avocat, expert-comptable, etc.) doivent être déclarés s'ils dépassent le seuil (2400€ TTC)."
261,tresorerie,"Trésorerie","En plus des intervenants, quelles autres personnes ou entités doivent être déclarées sur la DAS2 si leurs honoraires dépassent le seuil fixé ?",2,"Les organismes auxquels la Junior paie sa cotisation (CNJE, etc.).",0,"Les cotisations associatives ne sont pas des honoraires et ne sont donc pas à déclarer sur la DAS2."
261,tresorerie,"Trésorerie","En plus des intervenants, quelles autres personnes ou entités doivent être déclarées sur la DAS2 si leurs honoraires dépassent le seuil fixé ?",3,"Les salariés de la Junior-Entreprise, s'il y en a.",0,"Si une Junior avait des salariés (cas exceptionnel et non standard), leurs rémunérations seraient déclarées via d'autres canaux (DSN), pas la DAS2 qui concerne les honoraires."
262,tresorerie,"Trésorerie","Le principe comptable de 'permanence des méthodes' signifie que :",0,"La comptabilité doit être tenue en permanence, sans interruption.",0,"Ceci relève de la continuité de l'exploitation. La 'permanence des méthodes' concerne autre chose."
262,tresorerie,"Trésorerie","Le principe comptable de 'permanence des méthodes' signifie que :",1,"La Junior-Entreprise doit conserver la même équipe de trésoriers d'un mandat à l'autre.",0,"Ce principe est purement comptable et ne concerne pas l'organisation des ressources humaines."
262,tresorerie,"Trésorerie","Le principe comptable de 'permanence des méthodes' signifie que :",2,"Sauf changement exceptionnel, la Junior doit utiliser les mêmes règles et procédures comptables d'un exercice à l'autre.",1,"Ce principe, mentionné dans l'Annexe (page 21), assure que les comptes annuels sont comparables d'une année sur l'autre, car ils sont établis selon des règles constantes."
262,tresorerie,"Trésorerie","Le principe comptable de 'permanence des méthodes' signifie que :",3,"Les méthodes de gestion de projet doivent être identiques pour toutes les études.",0,"Ce principe est strictement comptable et s'applique à la manière d'évaluer les actifs, de calculer les amortissements, etc., pas à la méthodologie des missions."
263,tresorerie,"Trésorerie","Qu'est-ce que le principe d''indépendance des exercices' en comptabilité ?",0,"Chaque exercice comptable doit être audité par un commissaire aux comptes indépendant.",0,"Ceci concerne le contrôle des comptes, pas la manière de les établir. Les Juniors n'ont généralement pas l'obligation d'avoir un commissaire aux comptes."
263,tresorerie,"Trésorerie","Qu'est-ce que le principe d''indépendance des exercices' en comptabilité ?",1,"Les décisions de gestion d'un exercice ne doivent pas être influencées par les résultats de l'exercice précédent.",0,"C'est un principe de gestion, pas un principe comptable. Au contraire, il est sain de tenir compte des résultats passés pour prendre des décisions futures."
263,tresorerie,"Trésorerie","Qu'est-ce que le principe d''indépendance des exercices' en comptabilité ?",2,"Les charges et les produits doivent être rattachés à l'exercice au cours duquel ils ont été engagés ou acquis, quelle que soit leur date de paiement ou d'encaissement.",1,"C'est la définition exacte de ce principe, mentionné dans l'Annexe (page 21). C'est la raison d'être des opérations de 'cut-off' en fin d'exercice."
263,tresorerie,"Trésorerie","Qu'est-ce que le principe d''indépendance des exercices' en comptabilité ?",3,"La trésorerie de la Junior doit être indépendante de celle de l'école ou de l'université de rattachement.",0,"C'est une règle de base de la gestion associative (autonomie de la personne morale), mais ce n'est pas la signification du principe comptable d''indépendance des exercices'."
264,tresorerie,"Trésorerie","Dans le contexte des Junior-Entreprises, que signifie 'l'assiette forfaitaire de cotisations' ?",0,"Un forfait de cotisations sociales unique payé chaque année par la Junior, quel que soit son volume d'activité.",0,"Les cotisations sont bien proportionnelles aux rétributions versées. L'assiette forfaitaire concerne la base de calcul, pas le montant total."
264,tresorerie,"Trésorerie","Dans le contexte des Junior-Entreprises, que signifie 'l'assiette forfaitaire de cotisations' ?",1,"Le fait que les cotisations sociales sont calculées sur une base (un 'forfait') qui n'est pas la rétribution réelle de l'étudiant.",1,"C'est un avantage du statut dérogatoire : les cotisations sont calculées sur une base forfaitaire (liée au plafond de la Sécurité Sociale) qui est bien plus faible que la rétribution réelle, ce qui allège les charges."
264,tresorerie,"Trésorerie","Dans le contexte des Junior-Entreprises, que signifie 'l'assiette forfaitaire de cotisations' ?",2,"Un accord avec l'URSSAF pour payer un forfait de conseil juridique annuel.",0,"Cela n'a aucun rapport. L'assiette forfaitaire est un mécanisme de calcul des cotisations sociales sur les rétributions."
264,tresorerie,"Trésorerie","Dans le contexte des Junior-Entreprises, que signifie 'l'assiette forfaitaire de cotisations' ?",3,"La base sur laquelle l'Impôt sur les Sociétés est calculé.",0,"L'assiette de l'IS est le résultat fiscal. L'assiette forfaitaire concerne les cotisations sociales (URSSAF), pas les impôts (DGFIP)."
265,tresorerie,"Trésorerie","Une note de frais peut-elle être remboursée si elle n'est pas accompagnée d'un justificatif ?",0,"Oui, si le montant est inférieur à 50 €.",0,"Le remboursement sans justificatif expose la Junior à un risque de redressement URSSAF, car la somme pourrait être requalifiée en avantage en nature ou en rémunération déguisée, quel que soit le montant."
265,tresorerie,"Trésorerie","Une note de frais peut-elle être remboursée si elle n'est pas accompagnée d'un justificatif ?",1,"Oui, si le Président de la Junior donne son accord écrit.",0,"Même avec un accord interne, l'absence de justificatif rend la dépense non probante aux yeux de l'administration fiscale et de l'URSSAF."
265,tresorerie,"Trésorerie","Une note de frais peut-elle être remboursée si elle n'est pas accompagnée d'un justificatif ?",2,"Non, toutes les notes de frais doivent être correctement gérées et justifiées.",1,"La Norme Trésorerie 2025 (G.3) exige que les notes de frais soient 'correctement gérées et justifiées'. Un remboursement doit correspondre à une dépense réelle, engagée pour le compte de l'association, et prouvée par une facture."
265,tresorerie,"Trésorerie","Une note de frais peut-elle être remboursée si elle n'est pas accompagnée d'un justificatif ?",3,"Non, sauf s'il s'agit de frais de déplacement calculés sur la base d'un barème kilométrique.",0,"Même pour les indemnités kilométriques, des justificatifs sont nécessaires (carte grise du véhicule, justification du trajet et du kilométrage) pour prouver la réalité du déplacement."
266,tresorerie,"Trésorerie","Si une Junior-Entreprise identifie des risques liés à sa trésorerie, que doit-elle faire selon les principes du contrôle interne ?",0,"Souscrire une assurance complémentaire pour couvrir ces risques.",0,"L'assurance peut couvrir les conséquences d'un risque, mais le contrôle interne vise à prévenir le risque lui-même."
266,tresorerie,"Trésorerie","Si une Junior-Entreprise identifie des risques liés à sa trésorerie, que doit-elle faire selon les principes du contrôle interne ?",1,"Mettre en place des mesures de prévention.",1,"L'Annexe de la Norme (II. A. 1) indique que la maîtrise des risques de la structure, via la mise en place de mesures de prévention, est le signe d'un contrôle interne efficace."
266,tresorerie,"Trésorerie","Si une Junior-Entreprise identifie des risques liés à sa trésorerie, que doit-elle faire selon les principes du contrôle interne ?",2,"Augmenter ses fonds propres pour pouvoir faire face à une perte éventuelle.",0,"Avoir des fonds propres solides est important pour la pérennité (Norme C.1), mais cela ne remplace pas les actions de prévention pour éviter que les problèmes ne surviennent."
266,tresorerie,"Trésorerie","Si une Junior-Entreprise identifie des risques liés à sa trésorerie, que doit-elle faire selon les principes du contrôle interne ?",3,"Informer la CNJE de chaque risque identifié.",0,"La gestion des risques est d'abord de la responsabilité de la Junior elle-même. La CNJE peut être sollicitée pour conseil, mais l'action de prévention doit être mise en œuvre par la structure."
267,tresorerie,"Trésorerie","Dans le cadre d'un contrôle interne sur le Tableau Récapitulatif (TR), que préconise la CNJE ?",0,"Le faire valider par l'expert-comptable avant de le soumettre.",0,"C'est une bonne pratique de se faire conseiller, mais la procédure de contrôle interne décrite est une procédure que la Junior doit pouvoir mener elle-même."
267,tresorerie,"Trésorerie","Dans le cadre d'un contrôle interne sur le Tableau Récapitulatif (TR), que préconise la CNJE ?",1,"Utiliser 2 outils différents (ex: tableaux de suivi et comptabilité) avec 2 acteurs distincts.",1,"L'article sur le TR dans KiwiLegal détaille cette procédure de double contrôle pour réduire au maximum le risque d'erreur : croiser les sources et les personnes."
267,tresorerie,"Trésorerie","Dans le cadre d'un contrôle interne sur le Tableau Récapitulatif (TR), que préconise la CNJE ?",2,"Le faire vérifier par le Président et le Secrétaire Général.",0,"Le contrôle doit idéalement impliquer le pôle trésorerie. Impliquer le Secrétaire Général, moins familier avec ces sujets, serait moins efficace que le double contrôle par des personnes compétentes avec des outils distincts."
267,tresorerie,"Trésorerie","Dans le cadre d'un contrôle interne sur le Tableau Récapitulatif (TR), que préconise la CNJE ?",3,"Comparer les données du TR avec celles de l'année précédente pour vérifier la cohérence.",0,"Comparer avec N-1 est utile pour l'analyse, mais le contrôle de l'exactitude du TR se fait en comparant les données avec les sources de l'année en cours (comptabilité, suivi des BRC...)."
268,tresorerie,"Trésorerie","Quelle est la particularité de la TVA sur une prestation de service réalisée pour un client professionnel dans un autre pays de l'UE ?",0,"La Junior facture la TVA au taux français normal de 20%.",0,"Pour les services BtoB intracommunautaires, la règle générale n'est pas l'application de la TVA du vendeur."
268,tresorerie,"Trésorerie","Quelle est la particularité de la TVA sur une prestation de service réalisée pour un client professionnel dans un autre pays de l'UE ?",1,"La Junior facture la TVA au taux en vigueur dans le pays du client.",0,"Cela impliquerait de s'immatriculer à la TVA dans chaque pays client, ce qui est complexe. Le système est plus simple."
268,tresorerie,"Trésorerie","Quelle est la particularité de la TVA sur une prestation de service réalisée pour un client professionnel dans un autre pays de l'UE ?",2,"La Junior ne facture pas de TVA, c'est le client qui l'autoliquide dans son pays.",1,"C'est le principe de l'autoliquidation de la TVA intracommunautaire. Le vendeur facture en hors taxe, et l'acheteur déclare et déduit simultanément la TVA dans son pays. La Junior doit alors faire une DES."
268,tresorerie,"Trésorerie","Quelle est la particularité de la TVA sur une prestation de service réalisée pour un client professionnel dans un autre pays de l'UE ?",3,"La prestation est totalement exonérée de TVA et n'a pas besoin d'être déclarée.",0,"L'opération n'est pas exonérée, elle est taxée dans le pays du client via l'autoliquidation. Elle doit être déclarée par la Junior via la déclaration de TVA et la DES."
269,tresorerie,"Trésorerie","Quel fichier une Junior-Entreprise doit-elle être capable d'éditer depuis son logiciel comptable en cas de contrôle fiscal ?",0,"Le budget prévisionnel de l'année.",0,"Le budget est un outil de gestion interne, pas un document comptable obligatoire à produire lors d'un contrôle."
269,tresorerie,"Trésorerie","Quel fichier une Junior-Entreprise doit-elle être capable d'éditer depuis son logiciel comptable en cas de contrôle fiscal ?",1,"Le Fichier des Écritures Comptables (FEC).",1,"L'Annexe de la Norme (page 21) mentionne que le logiciel comptable doit permettre l'édition des documents nécessaires, dont le FEC, qui est le format standardisé exigé par l'administration fiscale."
269,tresorerie,"Trésorerie","Quel fichier une Junior-Entreprise doit-elle être capable d'éditer depuis son logiciel comptable en cas de contrôle fiscal ?",2,"Le rapport d'activité validé en AG.",0,"Le rapport d'activité est un document de gouvernance associative, le contrôle fiscal se concentre sur les documents purement comptables."
269,tresorerie,"Trésorerie","Quel fichier une Junior-Entreprise doit-elle être capable d'éditer depuis son logiciel comptable en cas de contrôle fiscal ?",3,"La liste des membres de l'association.",0,"Cette liste relève de la gestion associative et du RGPD, mais n'est pas un document central d'un contrôle de la comptabilité."
270,tresorerie,"Trésorerie","Le niveau des créances clients doit être...",0,"...nul à la date de clôture de l'exercice.",0,"Il est normal et courant d'avoir des factures non encore payées par les clients à la date de clôture. Exiger un niveau nul est irréaliste."
270,tresorerie,"Trésorerie","Le niveau des créances clients doit être...",1,"...inférieur au montant des dettes fournisseurs.",0,"Il n'y a pas de règle de comparaison directe entre les créances et les dettes. Une Junior peut avoir beaucoup de créances et peu de dettes, ou l'inverse."
270,tresorerie,"Trésorerie","Le niveau des créances clients doit être...",2,"...cohérent avec les finances de la structure.",1,"La Norme Trésorerie 2025 (F.2) demande que le niveau des créances soit cohérent, ce qui signifie qu'un montant trop élevé de factures en attente de paiement pourrait mettre en danger la trésorerie de la Junior."
270,tresorerie,"Trésorerie","Le niveau des créances clients doit être...",3,"...validé par un Auditeur-Conseil chaque trimestre.",0,"Le suivi des créances est une tâche de gestion courante de la Junior. L'Auditeur-Conseil intervient annuellement, pas chaque trimestre."
271,tresorerie,"Trésorerie","Si un étudiant a touché plusieurs rétributions sur une même année civile, comment est vérifié le seuil de la DAS2 ?",0,"Seule la plus grosse rétribution de l'année est comparée au seuil.",0,"Cette méthode permettrait de contourner facilement la règle en fractionnant les paiements."
271,tresorerie,"Trésorerie","Si un étudiant a touché plusieurs rétributions sur une même année civile, comment est vérifié le seuil de la DAS2 ?",1,"On fait la somme de toutes ses rétributions pour comparer au seuil.",1,"KiwiLegal est explicite : 'il convient de faire la somme de toutes ses rétributions pour comparer au palier des 2 400 €'."
271,tresorerie,"Trésorerie","Si un étudiant a touché plusieurs rétributions sur une même année civile, comment est vérifié le seuil de la DAS2 ?",2,"Chaque rétribution est comparée individuellement au seuil.",0,"La déclaration est annuelle et consolidée par personne ; la comparaison au seuil doit donc l'être aussi."
271,tresorerie,"Trésorerie","Si un étudiant a touché plusieurs rétributions sur une même année civile, comment est vérifié le seuil de la DAS2 ?",3,"On fait la moyenne de ses rétributions sur l'année.",0,"L'administration fiscale s'intéresse au montant total perçu par la personne, pas à une moyenne qui ne serait pas représentative."
272,tresorerie,"Trésorerie","Quel document, émis par la Junior, est considéré comme la 'pièce justificative' de la rétribution versée à un intervenant ?",0,"Le Récapitulatif de Mission (RM).",0,"Le RM est le contrat qui engage, mais la pièce qui justifie le paiement effectif est un autre document, émis après la mission."
272,tresorerie,"Trésorerie","Quel document, émis par la Junior, est considéré comme la 'pièce justificative' de la rétribution versée à un intervenant ?",1,"Le virement bancaire ou le talon de chèque.",0,"Ce sont des preuves de flux financier, mais pas des pièces justificatives au sens comptable et social qui détaillent la nature de la somme."
272,tresorerie,"Trésorerie","Quel document, émis par la Junior, est considéré comme la 'pièce justificative' de la rétribution versée à un intervenant ?",2,"Le Bulletin de Versement (BV).",1,"Le Code de la Déontologie et les pratiques comptables font du BV le 'bulletin de paie' de l'intervenant, qui justifie le montant brut, les cotisations et le net versé."
272,tresorerie,"Trésorerie","Quel document, émis par la Junior, est considéré comme la 'pièce justificative' de la rétribution versée à un intervenant ?",3,"Une facture émise par l'étudiant à la Junior-Entreprise.",0,"Les étudiants n'émettent pas de facture à leur Junior. C'est la Junior qui émet un BV, ce qui est une différence fondamentale avec une relation de sous-traitance classique."
273,tresorerie,"Trésorerie","Dans quel cas la DAS2 doit-elle être déclarée 'à néant' ?",0,"Il faut cocher une case spécifique 'déclaration à néant' sur le formulaire en ligne.",0,"Cette procédure existe pour d'autres déclarations (comme la TVA), mais pas pour la DAS2."
273,tresorerie,"Trésorerie","Dans quel cas la DAS2 doit-elle être déclarée 'à néant' ?",1,"Il faut envoyer un courrier recommandé à l'administration fiscale pour les informer.",0,"Aucune démarche par courrier n'est nécessaire ; la procédure est beaucoup plus simple."
273,tresorerie,"Trésorerie","Dans quel cas la DAS2 doit-elle être déclarée 'à néant' ?",2,"Il n'y a aucune action à effectuer si aucun seuil n'est dépassé.",1,"La FAQ de KiwiLegal sur la DAS2 est formelle : 'Dans le cas où vous n’avez aucune rétribution supérieure à 2400€ net et aucun honoraire supérieur à 2400€ brut, alors vous n’avez aucune action à effectuer.'"
273,tresorerie,"Trésorerie","Dans quel cas la DAS2 doit-elle être déclarée 'à néant' ?",3,"Il faut remplir la déclaration avec des montants à zéro et la soumettre.",0,"L'absence de déclaration est la procédure correcte. Soumettre une déclaration à zéro n'est pas requis."
274,tresorerie,"Trésorerie","Lorsqu'une Junior-Entreprise est soumise à l'Impôt sur les Sociétés (IS), elle doit payer des acomptes. Quand le solde de l'IS doit-il être payé ?",0,"Le 15 décembre de chaque année.",0,"Le 15 décembre est une date classique pour le dernier acompte d'IS, mais pas pour le paiement du solde."
274,tresorerie,"Trésorerie","Lorsqu'une Junior-Entreprise est soumise à l'Impôt sur les Sociétés (IS), elle doit payer des acomptes. Quand le solde de l'IS doit-il être payé ?",1,"Au plus tard le 15 du quatrième mois suivant la clôture de l'exercice.",1,"C'est la règle générale en matière d'IS : le solde est calculé après la clôture et doit être payé dans ce délai. Par exemple, au plus tard le 15 mai pour un exercice clôturant au 31 décembre."
274,tresorerie,"Trésorerie","Lorsqu'une Junior-Entreprise est soumise à l'Impôt sur les Sociétés (IS), elle doit payer des acomptes. Quand le solde de l'IS doit-il être payé ?",2,"En même temps que le dépôt de la liasse fiscale.",0,"Le dépôt de la liasse et le paiement du solde sont deux opérations distinctes avec des dates limites qui peuvent être différentes, même si elles sont proches."
274,tresorerie,"Trésorerie","Lorsqu'une Junior-Entreprise est soumise à l'Impôt sur les Sociétés (IS), elle doit payer des acomptes. Quand le solde de l'IS doit-il être payé ?",3,"Le solde est payé en quatre fois, en même temps que les acomptes de l'année suivante.",0,"Le solde de l'année N est une régularisation qui doit être payée en une fois, et non étalée sur les acomptes de l'année N+1."
275,tresorerie,"Trésorerie","Que signifie le principe comptable de l''intangibilité du bilan d'ouverture' ?",0,"Le bilan d'ouverture ne peut pas être modifié une fois qu'il a été présenté en Assemblée Générale.",0,"La validation en AG est une étape de la vie associative, mais le principe comptable a une signification technique plus précise."
275,tresorerie,"Trésorerie","Que signifie le principe comptable de l''intangibilité du bilan d'ouverture' ?",1,"Le bilan d'ouverture d'un exercice doit correspondre exactement au bilan de clôture de l'exercice précédent.",1,"Ce principe, mentionné dans l'Annexe (page 21), assure la continuité et la cohérence des comptes d'une année sur l'autre. On ne peut pas 'repartir de zéro' ou modifier les soldes de départ."
275,tresorerie,"Trésorerie","Que signifie le principe comptable de l''intangibilité du bilan d'ouverture' ?",2,"Les actifs 'intangibles' ou 'immatériels' (comme un logiciel) ne peuvent pas être modifiés en cours d'année.",0,"Cela confond 'intangibilité' (le fait de ne pas pouvoir toucher à) et les 'immobilisations intangibles' (ou incorporelles). Ce sont deux concepts différents."
275,tresorerie,"Trésorerie","Que signifie le principe comptable de l''intangibilité du bilan d'ouverture' ?",3,"Le bilan d'ouverture ne doit contenir que des actifs tangibles (matériel, mobilier) et exclure les créances.",0,"Le bilan d'ouverture reprend tous les postes d'actif et de passif, y compris les créances, les dettes, la trésorerie, etc."
276,tresorerie,"Trésorerie","Le 'double contrôle' préconisé pour le TR ou le contrôle interne en trésorerie implique :",0,"Que deux personnes fassent exactement la même tâche en même temps pour comparer les résultats.",0,"Le principe n'est pas de faire la même tâche, mais d'utiliser des approches différentes pour vérifier une même information."
276,tresorerie,"Trésorerie","Le 'double contrôle' préconisé pour le TR ou le contrôle interne en trésorerie implique :",1,"L'utilisation de deux outils et l'intervention de deux personnes distinctes.",1,"L'Annexe et KiwiLegal insistent sur cette double séparation : des outils (ex: compta vs. suivi excel) et des acteurs, pour assurer un contrôle croisé efficace."
276,tresorerie,"Trésorerie","Le 'double contrôle' préconisé pour le TR ou le contrôle interne en trésorerie implique :",2,"Une première vérification par le Trésorier, puis une seconde par le Président.",0,"C'est une forme de contrôle, mais le principe va plus loin en exigeant aussi l'utilisation de sources de données (outils) différentes pour la vérification."
276,tresorerie,"Trésorerie","Le 'double contrôle' préconisé pour le TR ou le contrôle interne en trésorerie implique :",3,"Une vérification automatique par un logiciel, puis une vérification manuelle.",0,"Cela peut faire partie du processus, mais le principe de base décrit dans les textes est celui de l'intervention de deux acteurs humains utilisant des outils distincts."
277,tresorerie,"Trésorerie","Un achat réalisé par la Junior doit être conforme aux règles légales, mais aussi à quelles autres règles ?",0,"Aux règles de l'établissement d'enseignement supérieur de rattachement.",0,"En tant qu'association autonome, la Junior n'est généralement pas soumise aux règles d'achat de son école, sauf si elle utilise des fonds ou des moyens de l'école."
277,tresorerie,"Trésorerie","Un achat réalisé par la Junior doit être conforme aux règles légales, mais aussi à quelles autres règles ?",1,"Aux règles statutaires de la structure.",1,"La Norme Trésorerie 2025 (G.2) précise que les achats doivent être réalisés conformément aux règles statutaires (ex: validation par le CA pour certains montants)."
277,tresorerie,"Trésorerie","Un achat réalisé par la Junior doit être conforme aux règles légales, mais aussi à quelles autres règles ?",2,"Aux usages du secteur d'activité du client.",0,"Les règles d'achat sont internes à la Junior, elles ne dépendent pas des pratiques des clients."
277,tresorerie,"Trésorerie","Un achat réalisé par la Junior doit être conforme aux règles légales, mais aussi à quelles autres règles ?",3,"Aux recommandations de l'expert-comptable.",0,"Les recommandations sont des conseils, pas des règles obligatoires. Les règles qui s'imposent sont la loi et les statuts de l'association."
278,tresorerie,"Trésorerie","Lequel de ces documents n'est PAS un document comptable que le logiciel d'une Junior doit permettre d'éditer ?",0,"Un bilan.",0,"L'Annexe de la Norme (page 21) cite le bilan comme un des documents comptables nécessaires."
278,tresorerie,"Trésorerie","Lequel de ces documents n'est PAS un document comptable que le logiciel d'une Junior doit permettre d'éditer ?",1,"Un compte de résultat.",0,"L'Annexe (page 21) cite également le compte de résultat parmi les documents à éditer."
278,tresorerie,"Trésorerie","Lequel de ces documents n'est PAS un document comptable que le logiciel d'une Junior doit permettre d'éditer ?",2,"Une balance générale.",0,"La balance générale est listée dans l'Annexe (page 21) comme un document comptable essentiel."
278,tresorerie,"Trésorerie","Lequel de ces documents n'est PAS un document comptable que le logiciel d'une Junior doit permettre d'éditer ?",3,"Un budget prévisionnel.",1,"Le budget prévisionnel est un outil de gestion et de pilotage, pas un document comptable obligatoire qui retrace des opérations passées. Certains logiciels le proposent, mais ce n'est pas une sortie comptable standard."
279,tresorerie,"Trésorerie","Un contrôle interne efficace se traduit par...",0,"Une centralisation de toutes les tâches de trésorerie sur le trésorier pour une meilleure efficacité.",0,"C'est le contraire du principe de contrôle interne, qui repose sur la séparation des tâches pour prévenir les risques."
279,tresorerie,"Trésorerie","Un contrôle interne efficace se traduit par...",1,"Une répartition équilibrée des missions et la maîtrise des processus et des risques.",1,"L'Annexe (II. A. 1) le décrit ainsi : 'Une répartition des missions équilibrée et la maîtrise des processus et des risques [...] sont le signe d’un contrôle interne efficace'."
279,tresorerie,"Trésorerie","Un contrôle interne efficace se traduit par...",2,"Un audit financier réalisé chaque mois par un cabinet externe.",0,"Le contrôle interne est un ensemble de procédures quotidiennes mises en place par la structure elle-même, pas une vérification externe mensuelle."
279,tresorerie,"Trésorerie","Un contrôle interne efficace se traduit par...",3,"L'utilisation du logiciel de comptabilité le plus cher du marché.",0,"L'efficacité du contrôle interne ne dépend pas du coût de l'outil, mais de la manière dont les processus et les responsabilités sont organisés."
280,tresorerie,"Trésorerie","Quelle est la justification du principe de prudence en comptabilité ?",0,"Il faut toujours choisir l'option qui maximise le résultat de l'exercice.",0,"C'est le contraire du principe de prudence. Maximiser le résultat pourrait donner une image trop optimiste et dangereuse de la santé financière."
280,tresorerie,"Trésorerie","Quelle est la justification du principe de prudence en comptabilité ?",1,"Ne pas transférer sur des exercices futurs des incertitudes présentes susceptibles de grever le patrimoine ou le résultat.",1,"Ce principe (mentionné dans l'Annexe page 21) implique d'anticiper les pertes probables (provisions) dès qu'elles sont connues, mais de n'enregistrer les gains que lorsqu'ils sont certains."
280,tresorerie,"Trésorerie","Quelle est la justification du principe de prudence en comptabilité ?",2,"Dépenser le budget de la Junior-Entreprise avec parcimonie.",0,"Ceci est une règle de bonne gestion, mais le principe de prudence est une règle technique d'enregistrement comptable."
280,tresorerie,"Trésorerie","Quelle est la justification du principe de prudence en comptabilité ?",3,"Conserver les documents comptables plus longtemps que la durée légale.",0,"La conservation des archives est un sujet distinct. La prudence concerne la manière d'évaluer et de comptabiliser les opérations."
